{
"meta":{"test_sets":[],"test_metrics":[],"learn_metrics":[{"best_value":"Min","name":"MultiClass"}],"launch_mode":"Train","parameters":"","iteration_count":1000,"learn_sets":["learn"],"name":"experiment"},
"iterations":[
{"learn":[2.128709452],"iteration":0,"passed_time":0.005383829197,"remaining_time":5.378445368},
{"learn":[2.005185001],"iteration":1,"passed_time":0.01136025044,"remaining_time":5.668764972},
{"learn":[1.905382975],"iteration":2,"passed_time":0.01716537751,"remaining_time":5.704627125},
{"learn":[1.826671551],"iteration":3,"passed_time":0.02318417438,"remaining_time":5.77285942},
{"learn":[1.763288369],"iteration":4,"passed_time":0.02902813534,"remaining_time":5.776598933},
{"learn":[1.710355957],"iteration":5,"passed_time":0.03522172645,"remaining_time":5.835066016},
{"learn":[1.666166612],"iteration":6,"passed_time":0.04141498422,"remaining_time":5.875011333},
{"learn":[1.622299137],"iteration":7,"passed_time":0.04787216254,"remaining_time":5.936148155},
{"learn":[1.584926355],"iteration":8,"passed_time":0.05398362744,"remaining_time":5.9441972},
{"learn":[1.550021072],"iteration":9,"passed_time":0.06040834695,"remaining_time":5.980426348},
{"learn":[1.519127501],"iteration":10,"passed_time":0.06648556135,"remaining_time":5.97765638},
{"learn":[1.491614543],"iteration":11,"passed_time":0.07245610751,"remaining_time":5.965552852},
{"learn":[1.465321705],"iteration":12,"passed_time":0.07873703324,"remaining_time":5.977957831},
{"learn":[1.439730463],"iteration":13,"passed_time":0.08480712253,"remaining_time":5.972844487},
{"learn":[1.416068508],"iteration":14,"passed_time":0.09144005344,"remaining_time":6.004563509},
{"learn":[1.395760752],"iteration":15,"passed_time":0.09753535143,"remaining_time":5.998424113},
{"learn":[1.376240222],"iteration":16,"passed_time":0.1036598582,"remaining_time":5.993978859},
{"learn":[1.361347006],"iteration":17,"passed_time":0.1098146571,"remaining_time":5.990999624},
{"learn":[1.347244688],"iteration":18,"passed_time":0.1164450046,"remaining_time":6.012239448},
{"learn":[1.334077434],"iteration":19,"passed_time":0.1222170062,"remaining_time":5.988633302},
{"learn":[1.320045736],"iteration":20,"passed_time":0.1281821773,"remaining_time":5.975731025},
{"learn":[1.308948145],"iteration":21,"passed_time":0.1342169327,"remaining_time":5.966552735},
{"learn":[1.296760142],"iteration":22,"passed_time":0.140357523,"remaining_time":5.962143478},
{"learn":[1.286987796],"iteration":23,"passed_time":0.1466646991,"remaining_time":5.964364431},
{"learn":[1.276014478],"iteration":24,"passed_time":0.1527398718,"remaining_time":5.956855002},
{"learn":[1.26866161],"iteration":25,"passed_time":0.1590856318,"remaining_time":5.959592516},
{"learn":[1.25862356],"iteration":26,"passed_time":0.1657347297,"remaining_time":5.972588591},
{"learn":[1.251120452],"iteration":27,"passed_time":0.1720653645,"remaining_time":5.973126223},
{"learn":[1.242946613],"iteration":28,"passed_time":0.1791999694,"remaining_time":6.00010932},
{"learn":[1.235037227],"iteration":29,"passed_time":0.1853511432,"remaining_time":5.993020297},
{"learn":[1.228026885],"iteration":30,"passed_time":0.191926865,"remaining_time":5.999262327},
{"learn":[1.220757663],"iteration":31,"passed_time":0.198526337,"remaining_time":6.005421695},
{"learn":[1.211581071],"iteration":32,"passed_time":0.204711678,"remaining_time":5.998672504},
{"learn":[1.206851062],"iteration":33,"passed_time":0.210897894,"remaining_time":5.991981342},
{"learn":[1.20102862],"iteration":34,"passed_time":0.2172176537,"remaining_time":5.989001022},
{"learn":[1.192399248],"iteration":35,"passed_time":0.2238883768,"remaining_time":5.9952332},
{"learn":[1.184321132],"iteration":36,"passed_time":0.2304427232,"remaining_time":5.997738985},
{"learn":[1.176917975],"iteration":37,"passed_time":0.2366933151,"remaining_time":5.992078136},
{"learn":[1.170988782],"iteration":38,"passed_time":0.2431542018,"remaining_time":5.991568922},
{"learn":[1.166075589],"iteration":39,"passed_time":0.2493074174,"remaining_time":5.983378017},
{"learn":[1.160831348],"iteration":40,"passed_time":0.2560505166,"remaining_time":5.989084034},
{"learn":[1.157488723],"iteration":41,"passed_time":0.2624601942,"remaining_time":5.986592048},
{"learn":[1.152410703],"iteration":42,"passed_time":0.2687652036,"remaining_time":5.981588368},
{"learn":[1.148190025],"iteration":43,"passed_time":0.2751212554,"remaining_time":5.97763455},
{"learn":[1.144580514],"iteration":44,"passed_time":0.2822261933,"remaining_time":5.989466991},
{"learn":[1.141677422],"iteration":45,"passed_time":0.2891364616,"remaining_time":5.99643879},
{"learn":[1.137809179],"iteration":46,"passed_time":0.295732767,"remaining_time":5.996453764},
{"learn":[1.133860262],"iteration":47,"passed_time":0.3022977802,"remaining_time":5.995572641},
{"learn":[1.131064645],"iteration":48,"passed_time":0.3084790378,"remaining_time":5.987011529},
{"learn":[1.127718538],"iteration":49,"passed_time":0.314974175,"remaining_time":5.984509325},
{"learn":[1.12395144],"iteration":50,"passed_time":0.3214450619,"remaining_time":5.981399288},
{"learn":[1.11985086],"iteration":51,"passed_time":0.327888615,"remaining_time":5.977661673},
{"learn":[1.116823734],"iteration":52,"passed_time":0.3338841615,"remaining_time":5.965816999},
{"learn":[1.113262477],"iteration":53,"passed_time":0.340106753,"remaining_time":5.958166451},
{"learn":[1.110060678],"iteration":54,"passed_time":0.3466808497,"remaining_time":5.956607327},
{"learn":[1.107616242],"iteration":55,"passed_time":0.3532640716,"remaining_time":5.955022921},
{"learn":[1.105155661],"iteration":56,"passed_time":0.3594715379,"remaining_time":5.947046671},
{"learn":[1.101841704],"iteration":57,"passed_time":0.3657509219,"remaining_time":5.940299456},
{"learn":[1.098625599],"iteration":58,"passed_time":0.3718946373,"remaining_time":5.9314043},
{"learn":[1.096122668],"iteration":59,"passed_time":0.3783581074,"remaining_time":5.927610349},
{"learn":[1.091427634],"iteration":60,"passed_time":0.385154999,"remaining_time":5.928861379},
{"learn":[1.087648508],"iteration":61,"passed_time":0.3920502671,"remaining_time":5.931341138},
{"learn":[1.08513269],"iteration":62,"passed_time":0.3984664449,"remaining_time":5.926397759},
{"learn":[1.083217195],"iteration":63,"passed_time":0.4058966792,"remaining_time":5.936238933},
{"learn":[1.081041354],"iteration":64,"passed_time":0.4129100323,"remaining_time":5.939552003},
{"learn":[1.079699175],"iteration":65,"passed_time":0.4204373097,"remaining_time":5.949824959},
{"learn":[1.078501849],"iteration":66,"passed_time":0.4281272562,"remaining_time":5.961831791},
{"learn":[1.076787924],"iteration":67,"passed_time":0.4349298979,"remaining_time":5.961098013},
{"learn":[1.073295341],"iteration":68,"passed_time":0.4416242047,"remaining_time":5.958726588},
{"learn":[1.068892199],"iteration":69,"passed_time":0.4479550062,"remaining_time":5.951402225},
{"learn":[1.067067779],"iteration":70,"passed_time":0.4544538101,"remaining_time":5.946304079},
{"learn":[1.064815006],"iteration":71,"passed_time":0.4613691618,"remaining_time":5.946535864},
{"learn":[1.061468114],"iteration":72,"passed_time":0.4678202151,"remaining_time":5.940675882},
{"learn":[1.058440021],"iteration":73,"passed_time":0.4740463483,"remaining_time":5.931985386},
{"learn":[1.056884235],"iteration":74,"passed_time":0.4807239465,"remaining_time":5.928928674},
{"learn":[1.054803156],"iteration":75,"passed_time":0.488347142,"remaining_time":5.937273148},
{"learn":[1.052750532],"iteration":76,"passed_time":0.4951653257,"remaining_time":5.935553189},
{"learn":[1.051459932],"iteration":77,"passed_time":0.50169488,"remaining_time":5.930290761},
{"learn":[1.048933316],"iteration":78,"passed_time":0.5080500985,"remaining_time":5.922963807},
{"learn":[1.04727643],"iteration":79,"passed_time":0.5144001086,"remaining_time":5.915601249},
{"learn":[1.045386954],"iteration":80,"passed_time":0.5206886594,"remaining_time":5.907566395},
{"learn":[1.043639699],"iteration":81,"passed_time":0.5268372082,"remaining_time":5.898006794},
{"learn":[1.041785805],"iteration":82,"passed_time":0.5334029298,"remaining_time":5.893138393},
{"learn":[1.03979475],"iteration":83,"passed_time":0.5397892321,"remaining_time":5.886273055},
{"learn":[1.038041739],"iteration":84,"passed_time":0.5464110795,"remaining_time":5.881954562},
{"learn":[1.037049976],"iteration":85,"passed_time":0.5531105947,"remaining_time":5.878407948},
{"learn":[1.035528419],"iteration":86,"passed_time":0.559477105,"remaining_time":5.871294217},
{"learn":[1.033998796],"iteration":87,"passed_time":0.5656203204,"remaining_time":5.86188332},
{"learn":[1.031988677],"iteration":88,"passed_time":0.5718730374,"remaining_time":5.853666708},
{"learn":[1.030338168],"iteration":89,"passed_time":0.5785491772,"remaining_time":5.849775014},
{"learn":[1.029182621],"iteration":90,"passed_time":0.5856754487,"remaining_time":5.850318493},
{"learn":[1.027726119],"iteration":91,"passed_time":0.5921949196,"remaining_time":5.844706381},
{"learn":[1.02520805],"iteration":92,"passed_time":0.5985759302,"remaining_time":5.837724394},
{"learn":[1.023089609],"iteration":93,"passed_time":0.6047623962,"remaining_time":5.828880116},
{"learn":[1.02064502],"iteration":94,"passed_time":0.6109684041,"remaining_time":5.820277955},
{"learn":[1.018325577],"iteration":95,"passed_time":0.6177262119,"remaining_time":5.816921829},
{"learn":[1.01743611],"iteration":96,"passed_time":0.6242640997,"remaining_time":5.811448269},
{"learn":[1.014449763],"iteration":97,"passed_time":0.6303001885,"remaining_time":5.801334388},
{"learn":[1.013691048],"iteration":98,"passed_time":0.6367027827,"remaining_time":5.794638457},
{"learn":[1.011282497],"iteration":99,"passed_time":0.6430503761,"remaining_time":5.787453385},
{"learn":[1.00779902],"iteration":100,"passed_time":0.6495430549,"remaining_time":5.781576301},
{"learn":[1.006761034],"iteration":101,"passed_time":0.6554556836,"remaining_time":5.77058043},
{"learn":[1.0052245],"iteration":102,"passed_time":0.6617696931,"remaining_time":5.763178784},
{"learn":[1.003297341],"iteration":103,"passed_time":0.6688390471,"remaining_time":5.762305637},
{"learn":[1.002376406],"iteration":104,"passed_time":0.6753051005,"remaining_time":5.756172048},
{"learn":[1.001184959],"iteration":105,"passed_time":0.6821309093,"remaining_time":5.753066348},
{"learn":[0.9984956382],"iteration":106,"passed_time":0.6889552597,"remaining_time":5.749878943},
{"learn":[0.9967048393],"iteration":107,"passed_time":0.695525148,"remaining_time":5.744522519},
{"learn":[0.9957142523],"iteration":108,"passed_time":0.7021912877,"remaining_time":5.739930618},
{"learn":[0.9942308269],"iteration":109,"passed_time":0.7091522651,"remaining_time":5.737686509},
{"learn":[0.9926844358],"iteration":110,"passed_time":0.7155596927,"remaining_time":5.730924025},
{"learn":[0.9915419044],"iteration":111,"passed_time":0.7222539578,"remaining_time":5.726442094},
{"learn":[0.9895064726],"iteration":112,"passed_time":0.7287269281,"remaining_time":5.72018394},
{"learn":[0.9879582952],"iteration":113,"passed_time":0.7355198197,"remaining_time":5.716408423},
{"learn":[0.9867223177],"iteration":114,"passed_time":0.742070416,"remaining_time":5.71071581},
{"learn":[0.9857503896],"iteration":115,"passed_time":0.7484434264,"remaining_time":5.703655077},
{"learn":[0.9849044255],"iteration":116,"passed_time":0.7547764363,"remaining_time":5.696304215},
{"learn":[0.9831500534],"iteration":117,"passed_time":0.7616548708,"remaining_time":5.693047424},
{"learn":[0.9816208996],"iteration":118,"passed_time":0.7682526345,"remaining_time":5.687651857},
{"learn":[0.9812550705],"iteration":119,"passed_time":0.7752716127,"remaining_time":5.68532516},
{"learn":[0.9799935552],"iteration":120,"passed_time":0.7819384191,"remaining_time":5.680362566},
{"learn":[0.978927893],"iteration":121,"passed_time":0.7882168032,"remaining_time":5.672576665},
{"learn":[0.9773528016],"iteration":122,"passed_time":0.7945442296,"remaining_time":5.665164954},
{"learn":[0.9750421429],"iteration":123,"passed_time":0.8018860876,"remaining_time":5.664937199},
{"learn":[0.9737852672],"iteration":124,"passed_time":0.808555894,"remaining_time":5.659891258},
{"learn":[0.9733332714],"iteration":125,"passed_time":0.8153778277,"remaining_time":5.655874773},
{"learn":[0.9718527108],"iteration":126,"passed_time":0.8219418409,"remaining_time":5.650041159},
{"learn":[0.9703016705],"iteration":127,"passed_time":0.8279729297,"remaining_time":5.640565583},
{"learn":[0.9691038425],"iteration":128,"passed_time":0.834613069,"remaining_time":5.635255683},
{"learn":[0.9677791438],"iteration":129,"passed_time":0.8411407067,"remaining_time":5.629172422},
{"learn":[0.967274871],"iteration":130,"passed_time":0.8477742209,"remaining_time":5.623784718},
{"learn":[0.966183339],"iteration":131,"passed_time":0.8542980669,"remaining_time":5.617656985},
{"learn":[0.9644969687],"iteration":132,"passed_time":0.8612386273,"remaining_time":5.614239774},
{"learn":[0.9625862961],"iteration":133,"passed_time":0.8678469745,"remaining_time":5.608622985},
{"learn":[0.9604195878],"iteration":134,"passed_time":0.8750276635,"remaining_time":5.606658733},
{"learn":[0.9585728651],"iteration":135,"passed_time":0.8823314376,"remaining_time":5.605399721},
{"learn":[0.9581510505],"iteration":136,"passed_time":0.8890735368,"remaining_time":5.600514323},
{"learn":[0.9567206218],"iteration":137,"passed_time":0.8958497198,"remaining_time":5.595814916},
{"learn":[0.9558039377],"iteration":138,"passed_time":0.9019246425,"remaining_time":5.58674185},
{"learn":[0.9546610423],"iteration":139,"passed_time":0.9090251636,"remaining_time":5.584011719},
{"learn":[0.9531729384],"iteration":140,"passed_time":0.9158123885,"remaining_time":5.579310934},
{"learn":[0.9516497001],"iteration":141,"passed_time":0.9225744879,"remaining_time":5.574428948},
{"learn":[0.9509490286],"iteration":142,"passed_time":0.9296159248,"remaining_time":5.571194738},
{"learn":[0.9506507788],"iteration":143,"passed_time":0.9363250652,"remaining_time":5.565932332},
{"learn":[0.9492742349],"iteration":144,"passed_time":0.943242792,"remaining_time":5.561879911},
{"learn":[0.9473664704],"iteration":145,"passed_time":0.9496711782,"remaining_time":5.554925933},
{"learn":[0.9461205242],"iteration":146,"passed_time":0.9560561471,"remaining_time":5.547727167},
{"learn":[0.9451848492],"iteration":147,"passed_time":0.9633944634,"remaining_time":5.546027587},
{"learn":[0.9447475273],"iteration":148,"passed_time":0.97018673,"remaining_time":5.541133605},
{"learn":[0.9433203196],"iteration":149,"passed_time":0.9769884134,"remaining_time":5.536267676},
{"learn":[0.941902042],"iteration":150,"passed_time":0.9833107147,"remaining_time":5.528680773},
{"learn":[0.9408619231],"iteration":151,"passed_time":0.9897073921,"remaining_time":5.521525451},
{"learn":[0.9396042052],"iteration":152,"passed_time":0.9970690838,"remaining_time":5.519722313},
{"learn":[0.9384146413],"iteration":153,"passed_time":1.004069395,"remaining_time":5.515861742},
{"learn":[0.9369644202],"iteration":154,"passed_time":1.010581283,"remaining_time":5.50929796},
{"learn":[0.936224773],"iteration":155,"passed_time":1.016776957,"remaining_time":5.501024049},
{"learn":[0.9347221443],"iteration":156,"passed_time":1.023329095,"remaining_time":5.494690619},
{"learn":[0.9343881915],"iteration":157,"passed_time":1.03011782,"remaining_time":5.489615218},
{"learn":[0.9331270114],"iteration":158,"passed_time":1.036494872,"remaining_time":5.482340801},
{"learn":[0.9322705384],"iteration":159,"passed_time":1.042870758,"remaining_time":5.475071477},
{"learn":[0.9306152206],"iteration":160,"passed_time":1.049522605,"remaining_time":5.469251341},
{"learn":[0.9294739191],"iteration":161,"passed_time":1.055812281,"remaining_time":5.461547479},
{"learn":[0.9279630907],"iteration":162,"passed_time":1.062355377,"remaining_time":5.455162276},
{"learn":[0.9269667633],"iteration":163,"passed_time":1.069236479,"remaining_time":5.450498147},
{"learn":[0.9264180016],"iteration":164,"passed_time":1.075497612,"remaining_time":5.442669736},
{"learn":[0.9249339278],"iteration":165,"passed_time":1.082123918,"remaining_time":5.436694866},
{"learn":[0.9245370809],"iteration":166,"passed_time":1.088432469,"remaining_time":5.429127228},
{"learn":[0.9237997793],"iteration":167,"passed_time":1.095256528,"remaining_time":5.424127568},
{"learn":[0.9225918649],"iteration":168,"passed_time":1.10230109,"remaining_time":5.420190567},
{"learn":[0.9217958805],"iteration":169,"passed_time":1.109070731,"remaining_time":5.414874747},
{"learn":[0.920973296],"iteration":170,"passed_time":1.115778747,"remaining_time":5.409243164},
{"learn":[0.919702998],"iteration":171,"passed_time":1.122293884,"remaining_time":5.402670559},
{"learn":[0.9186757806],"iteration":172,"passed_time":1.128958149,"remaining_time":5.396811498},
{"learn":[0.9174724704],"iteration":173,"passed_time":1.135614747,"remaining_time":5.390906787},
{"learn":[0.9162467035],"iteration":174,"passed_time":1.14322715,"remaining_time":5.389499424},
{"learn":[0.9151704496],"iteration":175,"passed_time":1.149479159,"remaining_time":5.381652427},
{"learn":[0.9143956093],"iteration":176,"passed_time":1.155804085,"remaining_time":5.374162499},
{"learn":[0.9140900954],"iteration":177,"passed_time":1.162473475,"remaining_time":5.368276386},
{"learn":[0.9132228303],"iteration":178,"passed_time":1.168935862,"remaining_time":5.361432082},
{"learn":[0.9116885296],"iteration":179,"passed_time":1.175287872,"remaining_time":5.354089195},
{"learn":[0.9105231565],"iteration":180,"passed_time":1.182211849,"remaining_time":5.349345327},
{"learn":[0.9098860135],"iteration":181,"passed_time":1.188856988,"remaining_time":5.343324266},
{"learn":[0.9085294468],"iteration":182,"passed_time":1.195757757,"remaining_time":5.338437634},
{"learn":[0.9077750787],"iteration":183,"passed_time":1.202381562,"remaining_time":5.332300841},
{"learn":[0.9067508117],"iteration":184,"passed_time":1.208748114,"remaining_time":5.325025476},
{"learn":[0.9063627237],"iteration":185,"passed_time":1.214817495,"remaining_time":5.316459361},
{"learn":[0.905545723],"iteration":186,"passed_time":1.221221089,"remaining_time":5.309372972},
{"learn":[0.9046345874],"iteration":187,"passed_time":1.227860312,"remaining_time":5.303311561},
{"learn":[0.903231224],"iteration":188,"passed_time":1.23486254,"remaining_time":5.298801693},
{"learn":[0.9022444614],"iteration":189,"passed_time":1.241560639,"remaining_time":5.292969038},
{"learn":[0.9020201775],"iteration":190,"passed_time":1.247676229,"remaining_time":5.284660047},
{"learn":[0.9006757562],"iteration":191,"passed_time":1.253809569,"remaining_time":5.276448602},
{"learn":[0.9000587507],"iteration":192,"passed_time":1.260140537,"remaining_time":5.269085043},
{"learn":[0.8992960962],"iteration":193,"passed_time":1.266374629,"remaining_time":5.261329643},
{"learn":[0.8986326859],"iteration":194,"passed_time":1.27250576,"remaining_time":5.253164806},
{"learn":[0.8980984524],"iteration":195,"passed_time":1.278803228,"remaining_time":5.245703038},
{"learn":[0.897266852],"iteration":196,"passed_time":1.285527119,"remaining_time":5.23999125},
{"learn":[0.8960622106],"iteration":197,"passed_time":1.292018964,"remaining_time":5.23332934},
{"learn":[0.8951053525],"iteration":198,"passed_time":1.29887144,"remaining_time":5.228120721},
{"learn":[0.8948873905],"iteration":199,"passed_time":1.305410286,"remaining_time":5.221641145},
{"learn":[0.8937170084],"iteration":200,"passed_time":1.311895548,"remaining_time":5.214947975},
{"learn":[0.8934644303],"iteration":201,"passed_time":1.318422644,"remaining_time":5.208422129},
{"learn":[0.8925312145],"iteration":202,"passed_time":1.324887989,"remaining_time":5.20165383},
{"learn":[0.8907045672],"iteration":203,"passed_time":1.331226499,"remaining_time":5.194393595},
{"learn":[0.8900868212],"iteration":204,"passed_time":1.337265255,"remaining_time":5.185979891},
{"learn":[0.8892398038],"iteration":205,"passed_time":1.344017354,"remaining_time":5.180338734},
{"learn":[0.8883631543],"iteration":206,"passed_time":1.351179626,"remaining_time":5.176258181},
{"learn":[0.8873221325],"iteration":207,"passed_time":1.357725722,"remaining_time":5.169801789},
{"learn":[0.8862486952],"iteration":208,"passed_time":1.36447953,"remaining_time":5.164130662},
{"learn":[0.8860195255],"iteration":209,"passed_time":1.370538703,"remaining_time":5.155836072},
{"learn":[0.8850198597],"iteration":210,"passed_time":1.377125966,"remaining_time":5.149537381},
{"learn":[0.8841897856],"iteration":211,"passed_time":1.383859565,"remaining_time":5.143779893},
{"learn":[0.8828803726],"iteration":212,"passed_time":1.390683541,"remaining_time":5.138347166},
{"learn":[0.8822525083],"iteration":213,"passed_time":1.39722597,"remaining_time":5.131867348},
{"learn":[0.8814314627],"iteration":214,"passed_time":1.403960486,"remaining_time":5.126088286},
{"learn":[0.8802353611],"iteration":215,"passed_time":1.410584958,"remaining_time":5.11990096},
{"learn":[0.8795015811],"iteration":216,"passed_time":1.417602645,"remaining_time":5.115128438},
{"learn":[0.8784116881],"iteration":217,"passed_time":1.424048615,"remaining_time":5.10828448},
{"learn":[0.8768013431],"iteration":218,"passed_time":1.430306832,"remaining_time":5.100774592},
{"learn":[0.876314651],"iteration":219,"passed_time":1.436266753,"remaining_time":5.092218487},
{"learn":[0.875325103],"iteration":220,"passed_time":1.442774807,"remaining_time":5.085617984},
{"learn":[0.8742048378],"iteration":221,"passed_time":1.449373279,"remaining_time":5.079335185},
{"learn":[0.8733430278],"iteration":222,"passed_time":1.45593325,"remaining_time":5.072915406},
{"learn":[0.8721346407],"iteration":223,"passed_time":1.462639349,"remaining_time":5.067000602},
{"learn":[0.8714720665],"iteration":224,"passed_time":1.469243696,"remaining_time":5.060728287},
{"learn":[0.8712095768],"iteration":225,"passed_time":1.475729917,"remaining_time":5.054048476},
{"learn":[0.8696845867],"iteration":226,"passed_time":1.482691936,"remaining_time":5.0489906},
{"learn":[0.8690612422],"iteration":227,"passed_time":1.489450827,"remaining_time":5.043228238},
{"learn":[0.8688196394],"iteration":228,"passed_time":1.496056757,"remaining_time":5.036942183},
{"learn":[0.8680301205],"iteration":229,"passed_time":1.502279891,"remaining_time":5.029371807},
{"learn":[0.867783114],"iteration":230,"passed_time":1.508466315,"remaining_time":5.021690892},
{"learn":[0.8667244973],"iteration":231,"passed_time":1.514873326,"remaining_time":5.014753078},
{"learn":[0.866267679],"iteration":232,"passed_time":1.521595383,"remaining_time":5.008856905},
{"learn":[0.8651591229],"iteration":233,"passed_time":1.527614097,"remaining_time":5.000651273},
{"learn":[0.8641857267],"iteration":234,"passed_time":1.533863605,"remaining_time":4.993215566},
{"learn":[0.8637539471],"iteration":235,"passed_time":1.54113417,"remaining_time":4.989095365},
{"learn":[0.8624650817],"iteration":236,"passed_time":1.547769226,"remaining_time":4.982902615},
{"learn":[0.8618940738],"iteration":237,"passed_time":1.554283447,"remaining_time":4.976319272},
{"learn":[0.8616758114],"iteration":238,"passed_time":1.560857377,"remaining_time":4.969926628},
{"learn":[0.8614061551],"iteration":239,"passed_time":1.56729668,"remaining_time":4.963106154},
{"learn":[0.8606858757],"iteration":240,"passed_time":1.573657357,"remaining_time":4.95604122},
{"learn":[0.8601332065],"iteration":241,"passed_time":1.58097384,"remaining_time":4.951975911},
{"learn":[0.8595116113],"iteration":242,"passed_time":1.587624438,"remaining_time":4.945809462},
{"learn":[0.8591350223],"iteration":243,"passed_time":1.593877696,"remaining_time":4.938407944},
{"learn":[0.8579753057],"iteration":244,"passed_time":1.60068288,"remaining_time":4.932716629},
{"learn":[0.8566980942],"iteration":245,"passed_time":1.607758234,"remaining_time":4.927844343},
{"learn":[0.8558257802],"iteration":246,"passed_time":1.614818588,"remaining_time":4.922908488},
{"learn":[0.8547604718],"iteration":247,"passed_time":1.621511353,"remaining_time":4.916840876},
{"learn":[0.8538076877],"iteration":248,"passed_time":1.627699777,"remaining_time":4.909247119},
{"learn":[0.8531605255],"iteration":249,"passed_time":1.634265832,"remaining_time":4.902797496},
{"learn":[0.8527074618],"iteration":250,"passed_time":1.64081847,"remaining_time":4.896306909},
{"learn":[0.8522210387],"iteration":251,"passed_time":1.647365525,"remaining_time":4.889799256},
{"learn":[0.8514397588],"iteration":252,"passed_time":1.65398358,"remaining_time":4.883500927},
{"learn":[0.8512072108],"iteration":253,"passed_time":1.660343716,"remaining_time":4.876442566},
{"learn":[0.8500453737],"iteration":254,"passed_time":1.666345137,"remaining_time":4.868341676},
{"learn":[0.849283612],"iteration":255,"passed_time":1.672889567,"remaining_time":4.861835304},
{"learn":[0.848668818],"iteration":256,"passed_time":1.679916795,"remaining_time":4.856724431},
{"learn":[0.8479608552],"iteration":257,"passed_time":1.686634227,"remaining_time":4.850707739},
{"learn":[0.8468880524],"iteration":258,"passed_time":1.69373429,"remaining_time":4.845780344},
{"learn":[0.8464326936],"iteration":259,"passed_time":1.70031147,"remaining_time":4.839348031},
{"learn":[0.8451092361],"iteration":260,"passed_time":1.706792316,"remaining_time":4.832641844},
{"learn":[0.8439912286],"iteration":261,"passed_time":1.713845586,"remaining_time":4.82754978},
{"learn":[0.8430233456],"iteration":262,"passed_time":1.720490475,"remaining_time":4.821298405},
{"learn":[0.8424632207],"iteration":263,"passed_time":1.727039655,"remaining_time":4.81477722},
{"learn":[0.8410216121],"iteration":264,"passed_time":1.733800505,"remaining_time":4.808842909},
{"learn":[0.8397751972],"iteration":265,"passed_time":1.740439602,"remaining_time":4.802566421},
{"learn":[0.8389966217],"iteration":266,"passed_time":1.74694299,"remaining_time":4.795914649},
{"learn":[0.8383862696],"iteration":267,"passed_time":1.754053594,"remaining_time":4.790922503},
{"learn":[0.8377818568],"iteration":268,"passed_time":1.760529106,"remaining_time":4.78418876},
{"learn":[0.8371428386],"iteration":269,"passed_time":1.767091703,"remaining_time":4.777692381},
{"learn":[0.8369663688],"iteration":270,"passed_time":1.773685216,"remaining_time":4.771278681},
{"learn":[0.8360120054],"iteration":271,"passed_time":1.780153895,"remaining_time":4.764529542},
{"learn":[0.8348079926],"iteration":272,"passed_time":1.787328834,"remaining_time":4.759663231},
{"learn":[0.8345125191],"iteration":273,"passed_time":1.793938431,"remaining_time":4.75328212},
{"learn":[0.8336391499],"iteration":274,"passed_time":1.800360109,"remaining_time":4.746403923},
{"learn":[0.8321053898],"iteration":275,"passed_time":1.80702629,"remaining_time":4.740170413},
{"learn":[0.8316059328],"iteration":276,"passed_time":1.814114769,"remaining_time":4.735036023},
{"learn":[0.8306558463],"iteration":277,"passed_time":1.820700283,"remaining_time":4.72858131},
{"learn":[0.8299732571],"iteration":278,"passed_time":1.827581009,"remaining_time":4.722888558},
{"learn":[0.8289217112],"iteration":279,"passed_time":1.834415526,"remaining_time":4.717068496},
{"learn":[0.8283955197],"iteration":280,"passed_time":1.841364629,"remaining_time":4.711534405},
{"learn":[0.8277379359],"iteration":281,"passed_time":1.847797556,"remaining_time":4.704676048},
{"learn":[0.8268019218],"iteration":282,"passed_time":1.854050232,"remaining_time":4.697364015},
{"learn":[0.826113042],"iteration":283,"passed_time":1.860947833,"remaining_time":4.691685382},
{"learn":[0.825208745],"iteration":284,"passed_time":1.867187758,"remaining_time":4.684348236},
{"learn":[0.8244327566],"iteration":285,"passed_time":1.873554977,"remaining_time":4.677336551},
{"learn":[0.8241687052],"iteration":286,"passed_time":1.880117615,"remaining_time":4.670814842},
{"learn":[0.8239700206],"iteration":287,"passed_time":1.887479557,"remaining_time":4.666268905},
{"learn":[0.8236610519],"iteration":288,"passed_time":1.894092196,"remaining_time":4.659860039},
{"learn":[0.8226763168],"iteration":289,"passed_time":1.900999797,"remaining_time":4.654171918},
{"learn":[0.8222714308],"iteration":290,"passed_time":1.90753781,"remaining_time":4.64757494},
{"learn":[0.8210781397],"iteration":291,"passed_time":1.914108532,"remaining_time":4.641057673},
{"learn":[0.8203441534],"iteration":292,"passed_time":1.920887673,"remaining_time":4.635042952},
{"learn":[0.8193203463],"iteration":293,"passed_time":1.927344602,"remaining_time":4.628249281},
{"learn":[0.8185009005],"iteration":294,"passed_time":1.933756404,"remaining_time":4.621350051},
{"learn":[0.8174808094],"iteration":295,"passed_time":1.940356418,"remaining_time":4.614901751},
{"learn":[0.8170353851],"iteration":296,"passed_time":1.946897681,"remaining_time":4.608313366},
{"learn":[0.8158678935],"iteration":297,"passed_time":1.953877325,"remaining_time":4.602757994},
{"learn":[0.8156478042],"iteration":298,"passed_time":1.960694176,"remaining_time":4.596811428},
{"learn":[0.8145488471],"iteration":299,"passed_time":1.96742315,"remaining_time":4.590654016},
{"learn":[0.8139110604],"iteration":300,"passed_time":1.974289042,"remaining_time":4.584810766},
{"learn":[0.8134295616],"iteration":301,"passed_time":1.981286478,"remaining_time":4.579264775},
{"learn":[0.8123774251],"iteration":302,"passed_time":1.988119121,"remaining_time":4.573330122},
{"learn":[0.8119310427],"iteration":303,"passed_time":1.994973388,"remaining_time":4.567439073},
{"learn":[0.8110903368],"iteration":304,"passed_time":2.001954658,"remaining_time":4.561831105},
{"learn":[0.8103957804],"iteration":305,"passed_time":2.008912135,"remaining_time":4.556160201},
{"learn":[0.8096256054],"iteration":306,"passed_time":2.015715443,"remaining_time":4.550132906},
{"learn":[0.809011004],"iteration":307,"passed_time":2.022164163,"remaining_time":4.543303899},
{"learn":[0.8081934347],"iteration":308,"passed_time":2.028526423,"remaining_time":4.536284008},
{"learn":[0.8073168194],"iteration":309,"passed_time":2.035262647,"remaining_time":4.530100731},
{"learn":[0.806430115],"iteration":310,"passed_time":2.041734159,"remaining_time":4.523327446},
{"learn":[0.80605019],"iteration":311,"passed_time":2.048277172,"remaining_time":4.516713764},
{"learn":[0.8054641035],"iteration":312,"passed_time":2.054635141,"remaining_time":4.509694382},
{"learn":[0.8043950727],"iteration":313,"passed_time":2.06125278,"remaining_time":4.503246519},
{"learn":[0.803006041],"iteration":314,"passed_time":2.068396635,"remaining_time":4.497941889},
{"learn":[0.8025646755],"iteration":315,"passed_time":2.07523336,"remaining_time":4.491960818},
{"learn":[0.8023789081],"iteration":316,"passed_time":2.082327715,"remaining_time":4.48652943},
{"learn":[0.8014122284],"iteration":317,"passed_time":2.089013271,"remaining_time":4.480210853},
{"learn":[0.800663228],"iteration":318,"passed_time":2.096115793,"remaining_time":4.474780109},
{"learn":[0.7998268369],"iteration":319,"passed_time":2.102892684,"remaining_time":4.468646953},
{"learn":[0.7987152125],"iteration":320,"passed_time":2.109525282,"remaining_time":4.462204568},
{"learn":[0.7977980528],"iteration":321,"passed_time":2.116455133,"remaining_time":4.456386896},
{"learn":[0.7973669118],"iteration":322,"passed_time":2.12360853,"remaining_time":4.451030883},
{"learn":[0.7963307288],"iteration":323,"passed_time":2.13016521,"remaining_time":4.444418772},
{"learn":[0.7946773579],"iteration":324,"passed_time":2.13661618,"remaining_time":4.437587451},
{"learn":[0.7943971141],"iteration":325,"passed_time":2.143231486,"remaining_time":4.431098225},
{"learn":[0.7941780336],"iteration":326,"passed_time":2.149565537,"remaining_time":4.424029378},
{"learn":[0.7931591862],"iteration":327,"passed_time":2.156595682,"remaining_time":4.418391154},
{"learn":[0.7923451645],"iteration":328,"passed_time":2.163471033,"remaining_time":4.412428764},
{"learn":[0.7916657477],"iteration":329,"passed_time":2.169865919,"remaining_time":4.405485351},
{"learn":[0.7914264035],"iteration":330,"passed_time":2.176463225,"remaining_time":4.398954372},
{"learn":[0.7907795131],"iteration":331,"passed_time":2.183444244,"remaining_time":4.393195045},
{"learn":[0.7903223551],"iteration":332,"passed_time":2.19000109,"remaining_time":4.386578761},
{"learn":[0.7890533838],"iteration":333,"passed_time":2.19688015,"remaining_time":4.380605329},
{"learn":[0.788597284],"iteration":334,"passed_time":2.203726792,"remaining_time":4.37456214},
{"learn":[0.787777159],"iteration":335,"passed_time":2.210224971,"remaining_time":4.367825538},
{"learn":[0.7868830501],"iteration":336,"passed_time":2.216766692,"remaining_time":4.361176015},
{"learn":[0.7857000141],"iteration":337,"passed_time":2.223323372,"remaining_time":4.354556427},
{"learn":[0.7853781283],"iteration":338,"passed_time":2.229764175,"remaining_time":4.347711268},
{"learn":[0.7851676521],"iteration":339,"passed_time":2.236153353,"remaining_time":4.340768273},
{"learn":[0.7843679875],"iteration":340,"passed_time":2.242431612,"remaining_time":4.33361417},
{"learn":[0.783510153],"iteration":341,"passed_time":2.248786997,"remaining_time":4.326613579},
{"learn":[0.7827382268],"iteration":342,"passed_time":2.256073729,"remaining_time":4.3214007},
{"learn":[0.782349986],"iteration":343,"passed_time":2.262840495,"remaining_time":4.3151842},
{"learn":[0.7820242935],"iteration":344,"passed_time":2.269130588,"remaining_time":4.308059522},
{"learn":[0.7812242571],"iteration":345,"passed_time":2.275634683,"remaining_time":4.30134417},
{"learn":[0.7809953026],"iteration":346,"passed_time":2.282552535,"remaining_time":4.295408661},
{"learn":[0.7801202188],"iteration":347,"passed_time":2.289372469,"remaining_time":4.289284051},
{"learn":[0.7789826757],"iteration":348,"passed_time":2.296562658,"remaining_time":4.283846104},
{"learn":[0.7784620765],"iteration":349,"passed_time":2.303490926,"remaining_time":4.277911721},
{"learn":[0.7779243699],"iteration":350,"passed_time":2.310208567,"remaining_time":4.271582222},
{"learn":[0.7777019833],"iteration":351,"passed_time":2.31664387,"remaining_time":4.264730761},
{"learn":[0.7764589685],"iteration":352,"passed_time":2.322735585,"remaining_time":4.257251907},
{"learn":[0.7758433939],"iteration":353,"passed_time":2.329326057,"remaining_time":4.250691052},
{"learn":[0.7756488305],"iteration":354,"passed_time":2.335769443,"remaining_time":4.243862791},
{"learn":[0.7748943746],"iteration":355,"passed_time":2.342244997,"remaining_time":4.237094881},
{"learn":[0.7741947088],"iteration":356,"passed_time":2.348910595,"remaining_time":4.230670903},
{"learn":[0.77344599],"iteration":357,"passed_time":2.35630437,"remaining_time":4.225551412},
{"learn":[0.7728943678],"iteration":358,"passed_time":2.363456767,"remaining_time":4.219988266},
{"learn":[0.7719838245],"iteration":359,"passed_time":2.37045387,"remaining_time":4.214140213},
{"learn":[0.7713333078],"iteration":360,"passed_time":2.377257553,"remaining_time":4.207943425},
{"learn":[0.7708321318],"iteration":361,"passed_time":2.384125946,"remaining_time":4.20185733},
{"learn":[0.7699254254],"iteration":362,"passed_time":2.390729835,"remaining_time":4.195302768},
{"learn":[0.7692882306],"iteration":363,"passed_time":2.397669604,"remaining_time":4.189334802},
{"learn":[0.7687555503],"iteration":364,"passed_time":2.404496871,"remaining_time":4.183165789},
{"learn":[0.7679378156],"iteration":365,"passed_time":2.411532557,"remaining_time":4.177354212},
{"learn":[0.7673342499],"iteration":366,"passed_time":2.418070237,"remaining_time":4.170677003},
{"learn":[0.7664588316],"iteration":367,"passed_time":2.424410747,"remaining_time":4.163661935},
{"learn":[0.765508522],"iteration":368,"passed_time":2.430886092,"remaining_time":4.156881095},
{"learn":[0.7653489692],"iteration":369,"passed_time":2.437193685,"remaining_time":4.149816274},
{"learn":[0.7644834295],"iteration":370,"passed_time":2.443866783,"remaining_time":4.14337522},
{"learn":[0.7640042178],"iteration":371,"passed_time":2.450526714,"remaining_time":4.13691069},
{"learn":[0.763828736],"iteration":372,"passed_time":2.45716802,"remaining_time":4.130413804},
{"learn":[0.763135572],"iteration":373,"passed_time":2.463587865,"remaining_time":4.123545464},
{"learn":[0.762359124],"iteration":374,"passed_time":2.469910791,"remaining_time":4.116517985},
{"learn":[0.7619127899],"iteration":375,"passed_time":2.476415304,"remaining_time":4.10979561},
{"learn":[0.7612526509],"iteration":376,"passed_time":2.483031818,"remaining_time":4.103259476},
{"learn":[0.7610822249],"iteration":377,"passed_time":2.489544038,"remaining_time":4.096551301},
{"learn":[0.7601409757],"iteration":378,"passed_time":2.496928272,"remaining_time":4.091272973},
{"learn":[0.7595716186],"iteration":379,"passed_time":2.503487827,"remaining_time":4.084638033},
{"learn":[0.7587991337],"iteration":380,"passed_time":2.510065882,"remaining_time":4.078033546},
{"learn":[0.758671689],"iteration":381,"passed_time":2.516922108,"remaining_time":4.071879221},
{"learn":[0.758172937],"iteration":382,"passed_time":2.52366304,"remaining_time":4.065535498},
{"learn":[0.7571987908],"iteration":383,"passed_time":2.530119427,"remaining_time":4.058733247},
{"learn":[0.7566391512],"iteration":384,"passed_time":2.536747316,"remaining_time":4.052206752},
{"learn":[0.7560899253],"iteration":385,"passed_time":2.543210703,"remaining_time":4.045418061},
{"learn":[0.7559499918],"iteration":386,"passed_time":2.549488212,"remaining_time":4.038336625},
{"learn":[0.7551983404],"iteration":387,"passed_time":2.555878306,"remaining_time":4.031436915},
{"learn":[0.7543116271],"iteration":388,"passed_time":2.562523904,"remaining_time":4.024941144},
{"learn":[0.7538258819],"iteration":389,"passed_time":2.569249794,"remaining_time":4.018570191},
{"learn":[0.7534652207],"iteration":390,"passed_time":2.576026561,"remaining_time":4.012276663},
{"learn":[0.7528604855],"iteration":391,"passed_time":2.582611116,"remaining_time":4.005682547},
{"learn":[0.7523565616],"iteration":392,"passed_time":2.589428133,"remaining_time":3.999447523},
{"learn":[0.751347444],"iteration":393,"passed_time":2.596167815,"remaining_time":3.993090599},
{"learn":[0.7503585128],"iteration":394,"passed_time":2.602968165,"remaining_time":3.986824658},
{"learn":[0.7495757448],"iteration":395,"passed_time":2.609648347,"remaining_time":3.980372731},
{"learn":[0.7490881795],"iteration":396,"passed_time":2.616401071,"remaining_time":3.974029839},
{"learn":[0.7489845899],"iteration":397,"passed_time":2.622968418,"remaining_time":3.967404491},
{"learn":[0.7483513743],"iteration":398,"passed_time":2.62922201,"remaining_time":3.960306837},
{"learn":[0.7473804104],"iteration":399,"passed_time":2.635879066,"remaining_time":3.953818599},
{"learn":[0.7466018937],"iteration":400,"passed_time":2.642306452,"remaining_time":3.946986446},
{"learn":[0.7462181066],"iteration":401,"passed_time":2.648982467,"remaining_time":3.940526158},
{"learn":[0.7457216982],"iteration":402,"passed_time":2.655376103,"remaining_time":3.933646485},
{"learn":[0.7451585777],"iteration":403,"passed_time":2.661688737,"remaining_time":3.926649721},
{"learn":[0.744776375],"iteration":404,"passed_time":2.668018372,"remaining_time":3.919681312},
{"learn":[0.7444556558],"iteration":405,"passed_time":2.674696512,"remaining_time":3.913225931},
{"learn":[0.7437867689],"iteration":406,"passed_time":2.681626364,"remaining_time":3.907136201},
{"learn":[0.7432701602],"iteration":407,"passed_time":2.687843622,"remaining_time":3.900008393},
{"learn":[0.7425086688],"iteration":408,"passed_time":2.694769224,"remaining_time":3.893908585},
{"learn":[0.7420336346],"iteration":409,"passed_time":2.701540157,"remaining_time":3.887582177},
{"learn":[0.7412682256],"iteration":410,"passed_time":2.707936668,"remaining_time":3.880717025},
{"learn":[0.7404590188],"iteration":411,"passed_time":2.715116982,"remaining_time":3.87497278},
{"learn":[0.7397229236],"iteration":412,"passed_time":2.721565201,"remaining_time":3.868181049},
{"learn":[0.7388579211],"iteration":413,"passed_time":2.727762251,"remaining_time":3.861035457},
{"learn":[0.7382222211],"iteration":414,"passed_time":2.734305472,"remaining_time":3.854382413},
{"learn":[0.7376716775],"iteration":415,"passed_time":2.740945945,"remaining_time":3.847866423},
{"learn":[0.737439888],"iteration":416,"passed_time":2.747250288,"remaining_time":3.840879899},
{"learn":[0.7371691807],"iteration":417,"passed_time":2.753480463,"remaining_time":3.833793371},
{"learn":[0.7365450161],"iteration":418,"passed_time":2.759640512,"remaining_time":3.826613693},
{"learn":[0.7359154135],"iteration":419,"passed_time":2.766304818,"remaining_time":3.820135225},
{"learn":[0.7351958682],"iteration":420,"passed_time":2.773302671,"remaining_time":3.8141146},
{"learn":[0.7346171723],"iteration":421,"passed_time":2.779991311,"remaining_time":3.807665824},
{"learn":[0.734368522],"iteration":422,"passed_time":2.786210402,"remaining_time":3.800575419},
{"learn":[0.733853461],"iteration":423,"passed_time":2.793255631,"remaining_time":3.794611423},
{"learn":[0.7328725381],"iteration":424,"passed_time":2.800176775,"remaining_time":3.78847446},
{"learn":[0.7322268245],"iteration":425,"passed_time":2.80709596,"remaining_time":3.782331176},
{"learn":[0.731905509],"iteration":426,"passed_time":2.813840726,"remaining_time":3.775950201},
{"learn":[0.7316749849],"iteration":427,"passed_time":2.820115359,"remaining_time":3.768939219},
{"learn":[0.7311381589],"iteration":428,"passed_time":2.826555288,"remaining_time":3.762151676},
{"learn":[0.7306426097],"iteration":429,"passed_time":2.832911423,"remaining_time":3.755254677},
{"learn":[0.7301847249],"iteration":430,"passed_time":2.839558729,"remaining_time":3.748744586},
{"learn":[0.7297462027],"iteration":431,"passed_time":2.846130909,"remaining_time":3.742135084},
{"learn":[0.7293524739],"iteration":432,"passed_time":2.853042761,"remaining_time":3.735970543},
{"learn":[0.7286431928],"iteration":433,"passed_time":2.859706442,"remaining_time":3.729478908},
{"learn":[0.7277454338],"iteration":434,"passed_time":2.865855824,"remaining_time":3.722318484},
{"learn":[0.7268892148],"iteration":435,"passed_time":2.872647424,"remaining_time":3.715993457},
{"learn":[0.7267255574],"iteration":436,"passed_time":2.879327272,"remaining_time":3.709522321},
{"learn":[0.7257028423],"iteration":437,"passed_time":2.885711824,"remaining_time":3.702671336},
{"learn":[0.7246528781],"iteration":438,"passed_time":2.892582634,"remaining_time":3.696443867},
{"learn":[0.7242530425],"iteration":439,"passed_time":2.899306774,"remaining_time":3.690026804},
{"learn":[0.7236364315],"iteration":440,"passed_time":2.905674743,"remaining_time":3.683156874},
{"learn":[0.722969732],"iteration":441,"passed_time":2.912078379,"remaining_time":3.676334243},
{"learn":[0.7222331228],"iteration":442,"passed_time":2.918453889,"remaining_time":3.669478141},
{"learn":[0.7214138965],"iteration":443,"passed_time":2.92497511,"remaining_time":3.66280667},
{"learn":[0.7210210468],"iteration":444,"passed_time":2.931707501,"remaining_time":3.656399243},
{"learn":[0.7201790118],"iteration":445,"passed_time":2.938295515,"remaining_time":3.64981102},
{"learn":[0.7200271193],"iteration":446,"passed_time":2.944946446,"remaining_time":3.643300636},
{"learn":[0.7190882243],"iteration":447,"passed_time":2.952118551,"remaining_time":3.637431786},
{"learn":[0.7189085653],"iteration":448,"passed_time":2.95862473,"remaining_time":3.630739925},
{"learn":[0.7180179161],"iteration":449,"passed_time":2.964877447,"remaining_time":3.623739102},
{"learn":[0.7174759152],"iteration":450,"passed_time":2.971296583,"remaining_time":3.616944178},
{"learn":[0.7170564588],"iteration":451,"passed_time":2.977933973,"remaining_time":3.610415524},
{"learn":[0.7162339684],"iteration":452,"passed_time":2.984213148,"remaining_time":3.603453846},
{"learn":[0.7159614674],"iteration":453,"passed_time":2.991162292,"remaining_time":3.597300907},
{"learn":[0.7153672766],"iteration":454,"passed_time":2.998753529,"remaining_time":3.591913568},
{"learn":[0.7144318198],"iteration":455,"passed_time":3.005171998,"remaining_time":3.585117472},
{"learn":[0.7135695561],"iteration":456,"passed_time":3.01231777,"remaining_time":3.579187197},
{"learn":[0.7129193071],"iteration":457,"passed_time":3.018947409,"remaining_time":3.572640821},
{"learn":[0.7125657264],"iteration":458,"passed_time":3.025361129,"remaining_time":3.565839587},
{"learn":[0.7121564155],"iteration":459,"passed_time":3.031639929,"remaining_time":3.558881656},
{"learn":[0.7119614363],"iteration":460,"passed_time":3.038310736,"remaining_time":3.552385004},
{"learn":[0.711749896],"iteration":461,"passed_time":3.04527963,"remaining_time":3.546234721},
{"learn":[0.7112538599],"iteration":462,"passed_time":3.051568431,"remaining_time":3.539292111},
{"learn":[0.710998446],"iteration":463,"passed_time":3.057673729,"remaining_time":3.532140342},
{"learn":[0.710340746],"iteration":464,"passed_time":3.064453662,"remaining_time":3.525769267},
{"learn":[0.7102160325],"iteration":465,"passed_time":3.071133802,"remaining_time":3.519282082},
{"learn":[0.7094861573],"iteration":466,"passed_time":3.078396451,"remaining_time":3.513458904},
{"learn":[0.7082207143],"iteration":467,"passed_time":3.08535697,"remaining_time":3.507286128},
{"learn":[0.7077264394],"iteration":468,"passed_time":3.091930441,"remaining_time":3.500671779},
{"learn":[0.7072551835],"iteration":469,"passed_time":3.098609956,"remaining_time":3.494177185},
{"learn":[0.707106497],"iteration":470,"passed_time":3.10540939,"remaining_time":3.487816491},
{"learn":[0.7068082643],"iteration":471,"passed_time":3.111961319,"remaining_time":3.481177069},
{"learn":[0.7060532776],"iteration":472,"passed_time":3.118714502,"remaining_time":3.474762246},
{"learn":[0.7050966269],"iteration":473,"passed_time":3.125299265,"remaining_time":3.468159101},
{"learn":[0.7043827656],"iteration":474,"passed_time":3.131997031,"remaining_time":3.461680929},
{"learn":[0.7034977487],"iteration":475,"passed_time":3.1384305,"remaining_time":3.454910887},
{"learn":[0.7028775973],"iteration":476,"passed_time":3.145106099,"remaining_time":3.448407735},
{"learn":[0.7021596045],"iteration":477,"passed_time":3.151915282,"remaining_time":3.442049743},
{"learn":[0.7009419393],"iteration":478,"passed_time":3.158573213,"remaining_time":3.435525353},
{"learn":[0.7003647253],"iteration":479,"passed_time":3.165136685,"remaining_time":3.428898075},
{"learn":[0.6998856918],"iteration":480,"passed_time":3.171571363,"remaining_time":3.422132094},
{"learn":[0.6996997857],"iteration":481,"passed_time":3.178045625,"remaining_time":3.415410028},
{"learn":[0.6992762638],"iteration":482,"passed_time":3.185056936,"remaining_time":3.409263843},
{"learn":[0.6986627833],"iteration":483,"passed_time":3.191409238,"remaining_time":3.402411502},
{"learn":[0.6980428781],"iteration":484,"passed_time":3.197990251,"remaining_time":3.395804081},
{"learn":[0.6974155017],"iteration":485,"passed_time":3.204626307,"remaining_time":3.389254984},
{"learn":[0.6970969076],"iteration":486,"passed_time":3.210898983,"remaining_time":3.382322748},
{"learn":[0.6962519672],"iteration":487,"passed_time":3.218159715,"remaining_time":3.376429865},
{"learn":[0.6961047148],"iteration":488,"passed_time":3.224641393,"remaining_time":3.369717284},
{"learn":[0.6955911485],"iteration":489,"passed_time":3.230919694,"remaining_time":3.362793967},
{"learn":[0.6950783329],"iteration":490,"passed_time":3.237334997,"remaining_time":3.356015302},
{"learn":[0.6943115255],"iteration":491,"passed_time":3.243994053,"remaining_time":3.349489795},
{"learn":[0.6935480647],"iteration":492,"passed_time":3.250539858,"remaining_time":3.342847278},
{"learn":[0.6926252793],"iteration":493,"passed_time":3.257605753,"remaining_time":3.336737877},
{"learn":[0.6917543435],"iteration":494,"passed_time":3.264299352,"remaining_time":3.330244793},
{"learn":[0.6915245828],"iteration":495,"passed_time":3.270428109,"remaining_time":3.323176949},
{"learn":[0.6913426755],"iteration":496,"passed_time":3.277387128,"remaining_time":3.316953169},
{"learn":[0.6905252369],"iteration":497,"passed_time":3.284360897,"remaining_time":3.310741306},
{"learn":[0.6898643905],"iteration":498,"passed_time":3.291009786,"remaining_time":3.304200206},
{"learn":[0.6895640545],"iteration":499,"passed_time":3.297652801,"remaining_time":3.297652801},
{"learn":[0.6886701585],"iteration":500,"passed_time":3.303842892,"remaining_time":3.290653898},
{"learn":[0.6883464631],"iteration":501,"passed_time":3.310395988,"remaining_time":3.284018331},
{"learn":[0.6875356522],"iteration":502,"passed_time":3.317487009,"remaining_time":3.2779146},
{"learn":[0.686889175],"iteration":503,"passed_time":3.323907854,"remaining_time":3.271147412},
{"learn":[0.686488545],"iteration":504,"passed_time":3.330262656,"remaining_time":3.26431686},
{"learn":[0.6858177405],"iteration":505,"passed_time":3.337348426,"remaining_time":3.258201823},
{"learn":[0.6852401911],"iteration":506,"passed_time":3.344213694,"remaining_time":3.251868543},
{"learn":[0.6846062842],"iteration":507,"passed_time":3.350679956,"remaining_time":3.245146729},
{"learn":[0.6840441387],"iteration":508,"passed_time":3.357582641,"remaining_time":3.238846909},
{"learn":[0.683648259],"iteration":509,"passed_time":3.364149154,"remaining_time":3.232221736},
{"learn":[0.6834929902],"iteration":510,"passed_time":3.370914087,"remaining_time":3.22578667},
{"learn":[0.6828635289],"iteration":511,"passed_time":3.377298139,"remaining_time":3.218987289},
{"learn":[0.6821049801],"iteration":512,"passed_time":3.384310576,"remaining_time":3.212786063},
{"learn":[0.6815714374],"iteration":513,"passed_time":3.391141676,"remaining_time":3.206410223},
{"learn":[0.6813900481],"iteration":514,"passed_time":3.398182113,"remaining_time":3.200229757},
{"learn":[0.681157699],"iteration":515,"passed_time":3.404521373,"remaining_time":3.193388264},
{"learn":[0.6810410026],"iteration":516,"passed_time":3.410825341,"remaining_time":3.186515744},
{"learn":[0.680457138],"iteration":517,"passed_time":3.417144267,"remaining_time":3.179659337},
{"learn":[0.6795988498],"iteration":518,"passed_time":3.424417582,"remaining_time":3.173689513},
{"learn":[0.678809215],"iteration":519,"passed_time":3.430933761,"remaining_time":3.16701578},
{"learn":[0.6780996924],"iteration":520,"passed_time":3.437654235,"remaining_time":3.160530477},
{"learn":[0.6773928716],"iteration":521,"passed_time":3.44479484,"remaining_time":3.154428992},
{"learn":[0.6768157055],"iteration":522,"passed_time":3.451146684,"remaining_time":3.147604146},
{"learn":[0.6756884876],"iteration":523,"passed_time":3.457612404,"remaining_time":3.14088455},
{"learn":[0.6747483086],"iteration":524,"passed_time":3.464152208,"remaining_time":3.13423295},
{"learn":[0.6745434942],"iteration":525,"passed_time":3.471328731,"remaining_time":3.128155548},
{"learn":[0.674278271],"iteration":526,"passed_time":3.478026371,"remaining_time":3.121644162},
{"learn":[0.673861059],"iteration":527,"passed_time":3.484237254,"remaining_time":3.114696939},
{"learn":[0.6735093311],"iteration":528,"passed_time":3.490704182,"remaining_time":3.107980472},
{"learn":[0.6727225774],"iteration":529,"passed_time":3.497503074,"remaining_time":3.10155933},
{"learn":[0.672219089],"iteration":530,"passed_time":3.50470418,"remaining_time":3.095492016},
{"learn":[0.6717977616],"iteration":531,"passed_time":3.51140007,"remaining_time":3.088976002},
{"learn":[0.6710717848],"iteration":532,"passed_time":3.517879415,"remaining_time":3.082269582},
{"learn":[0.6702745563],"iteration":533,"passed_time":3.524916977,"remaining_time":3.076051145},
{"learn":[0.6699813685],"iteration":534,"passed_time":3.531235279,"remaining_time":3.069204494},
{"learn":[0.6698668273],"iteration":535,"passed_time":3.538070837,"remaining_time":3.062807591},
{"learn":[0.6692422917],"iteration":536,"passed_time":3.54468481,"remaining_time":3.056218002},
{"learn":[0.6685771643],"iteration":537,"passed_time":3.550666564,"remaining_time":3.049085414},
{"learn":[0.667801753],"iteration":538,"passed_time":3.55742233,"remaining_time":3.042619099},
{"learn":[0.6673218374],"iteration":539,"passed_time":3.56461677,"remaining_time":3.036525396},
{"learn":[0.66681121],"iteration":540,"passed_time":3.571341202,"remaining_time":3.030028857},
{"learn":[0.666496795],"iteration":541,"passed_time":3.578200386,"remaining_time":3.023645345},
{"learn":[0.6655817569],"iteration":542,"passed_time":3.584606355,"remaining_time":3.016878645},
{"learn":[0.6653421889],"iteration":543,"passed_time":3.591289995,"remaining_time":3.010346025},
{"learn":[0.6650508926],"iteration":544,"passed_time":3.59896465,"remaining_time":3.004640212},
{"learn":[0.6648807995],"iteration":545,"passed_time":3.606021087,"remaining_time":2.998413138},
{"learn":[0.6642080084],"iteration":546,"passed_time":3.612507641,"remaining_time":2.991711081},
{"learn":[0.6637706862],"iteration":547,"passed_time":3.619521827,"remaining_time":2.985445011},
{"learn":[0.6636767162],"iteration":548,"passed_time":3.626009006,"remaining_time":2.978743282},
{"learn":[0.6630241031],"iteration":549,"passed_time":3.632878649,"remaining_time":2.972355258},
{"learn":[0.66220002],"iteration":550,"passed_time":3.639242117,"remaining_time":2.965553014},
{"learn":[0.6616981768],"iteration":551,"passed_time":3.645954883,"remaining_time":2.959035847},
{"learn":[0.6611804737],"iteration":552,"passed_time":3.652716732,"remaining_time":2.952557648},
{"learn":[0.6607081462],"iteration":553,"passed_time":3.658975574,"remaining_time":2.945673477},
{"learn":[0.66000131],"iteration":554,"passed_time":3.66516304,"remaining_time":2.93873433},
{"learn":[0.6595312464],"iteration":555,"passed_time":3.671800388,"remaining_time":2.932157144},
{"learn":[0.6592530749],"iteration":556,"passed_time":3.678238233,"remaining_time":2.925421072},
{"learn":[0.6584318088],"iteration":557,"passed_time":3.684856788,"remaining_time":2.918829212},
{"learn":[0.6582659671],"iteration":558,"passed_time":3.691669889,"remaining_time":2.912390735},
{"learn":[0.6579515052],"iteration":559,"passed_time":3.698238027,"remaining_time":2.90575845},
{"learn":[0.6576050856],"iteration":560,"passed_time":3.704828582,"remaining_time":2.899143935},
{"learn":[0.6570597944],"iteration":561,"passed_time":3.712488195,"remaining_time":2.893362686},
{"learn":[0.6564420803],"iteration":562,"passed_time":3.718741578,"remaining_time":2.88648325},
{"learn":[0.6558969327],"iteration":563,"passed_time":3.72510613,"remaining_time":2.879691973},
{"learn":[0.6552011005],"iteration":564,"passed_time":3.731348931,"remaining_time":2.872808469},
{"learn":[0.6550633689],"iteration":565,"passed_time":3.73810628,"remaining_time":2.866321777},
{"learn":[0.6546377549],"iteration":566,"passed_time":3.744537458,"remaining_time":2.859585043},
{"learn":[0.6541691139],"iteration":567,"passed_time":3.751277849,"remaining_time":2.853084561},
{"learn":[0.6536405203],"iteration":568,"passed_time":3.757641609,"remaining_time":2.84629795},
{"learn":[0.6531201695],"iteration":569,"passed_time":3.763901451,"remaining_time":2.839434428},
{"learn":[0.6525498952],"iteration":570,"passed_time":3.770101167,"remaining_time":2.832527847},
{"learn":[0.6520873202],"iteration":571,"passed_time":3.776973477,"remaining_time":2.826127007},
{"learn":[0.6519430167],"iteration":572,"passed_time":3.783345862,"remaining_time":2.819351978},
{"learn":[0.6513654722],"iteration":573,"passed_time":3.789832541,"remaining_time":2.812663175},
{"learn":[0.6510912571],"iteration":574,"passed_time":3.796628724,"remaining_time":2.80620384},
{"learn":[0.6505587979],"iteration":575,"passed_time":3.803293739,"remaining_time":2.79964678},
{"learn":[0.6500263416],"iteration":576,"passed_time":3.810046922,"remaining_time":2.793153982},
{"learn":[0.6497234404],"iteration":577,"passed_time":3.81672152,"remaining_time":2.786602909},
{"learn":[0.6495820613],"iteration":578,"passed_time":3.823567162,"remaining_time":2.780175778},
{"learn":[0.6491326487],"iteration":579,"passed_time":3.830401679,"remaining_time":2.773739147},
{"learn":[0.6490237392],"iteration":580,"passed_time":3.837114361,"remaining_time":2.767213283},
{"learn":[0.648844545],"iteration":581,"passed_time":3.843919795,"remaining_time":2.760753392},
{"learn":[0.6484872099],"iteration":582,"passed_time":3.850551517,"remaining_time":2.754168066},
{"learn":[0.6478796216],"iteration":583,"passed_time":3.857232324,"remaining_time":2.747617546},
{"learn":[0.6473455112],"iteration":584,"passed_time":3.863462291,"remaining_time":2.740746753},
{"learn":[0.6472375109],"iteration":585,"passed_time":3.870044179,"remaining_time":2.734126775},
{"learn":[0.6466874732],"iteration":586,"passed_time":3.876942031,"remaining_time":2.727729231},
{"learn":[0.6458868536],"iteration":587,"passed_time":3.884114511,"remaining_time":2.721522413},
{"learn":[0.6454639102],"iteration":588,"passed_time":3.891039738,"remaining_time":2.715139783},
{"learn":[0.6450740965],"iteration":589,"passed_time":3.898145051,"remaining_time":2.708880459},
{"learn":[0.6446677165],"iteration":590,"passed_time":3.904792107,"remaining_time":2.702301137},
{"learn":[0.6445557941],"iteration":591,"passed_time":3.911200868,"remaining_time":2.695557355},
{"learn":[0.6439733537],"iteration":592,"passed_time":3.918466683,"remaining_time":2.689402934},
{"learn":[0.643695682],"iteration":593,"passed_time":3.925176365,"remaining_time":2.682864654},
{"learn":[0.6433139291],"iteration":594,"passed_time":3.931513292,"remaining_time":2.676072073},
{"learn":[0.6429131746],"iteration":595,"passed_time":3.938285808,"remaining_time":2.669576286},
{"learn":[0.6423765701],"iteration":596,"passed_time":3.944598859,"remaining_time":2.662769414},
{"learn":[0.6420259431],"iteration":597,"passed_time":3.951186664,"remaining_time":2.656148895},
{"learn":[0.6415665299],"iteration":598,"passed_time":3.958246227,"remaining_time":2.649844302},
{"learn":[0.6407294526],"iteration":599,"passed_time":3.965949757,"remaining_time":2.643966504},
{"learn":[0.6406065505],"iteration":600,"passed_time":3.972616938,"remaining_time":2.637394606},
{"learn":[0.6401199917],"iteration":601,"passed_time":3.979477664,"remaining_time":2.630950349},
{"learn":[0.6398027626],"iteration":602,"passed_time":3.985833341,"remaining_time":2.624172199},
{"learn":[0.6395465415],"iteration":603,"passed_time":3.992734609,"remaining_time":2.617753154},
{"learn":[0.6390079588],"iteration":604,"passed_time":3.999316581,"remaining_time":2.611124049},
{"learn":[0.6386295923],"iteration":605,"passed_time":4.0057203,"remaining_time":2.604379205},
{"learn":[0.6381629218],"iteration":606,"passed_time":4.012233937,"remaining_time":2.597706651},
{"learn":[0.63777898],"iteration":607,"passed_time":4.019096747,"remaining_time":2.591259745},
{"learn":[0.6371156979],"iteration":608,"passed_time":4.025330797,"remaining_time":2.584407786},
{"learn":[0.6359163289],"iteration":609,"passed_time":4.032112313,"remaining_time":2.577907872},
{"learn":[0.6350435583],"iteration":610,"passed_time":4.039216126,"remaining_time":2.571612231},
{"learn":[0.6344911085],"iteration":611,"passed_time":4.045974809,"remaining_time":2.56509514},
{"learn":[0.6342244444],"iteration":612,"passed_time":4.052331111,"remaining_time":2.55832323},
{"learn":[0.6337311384],"iteration":613,"passed_time":4.058759789,"remaining_time":2.551598173},
{"learn":[0.6332859647],"iteration":614,"passed_time":4.065125757,"remaining_time":2.544834824},
{"learn":[0.6324896544],"iteration":615,"passed_time":4.072139777,"remaining_time":2.538476744},
{"learn":[0.6322892774],"iteration":616,"passed_time":4.078524663,"remaining_time":2.531726006},
{"learn":[0.6318378474],"iteration":617,"passed_time":4.085302221,"remaining_time":2.525219172},
{"learn":[0.6315207177],"iteration":618,"passed_time":4.092347491,"remaining_time":2.518876242},
{"learn":[0.6308163795],"iteration":619,"passed_time":4.098789211,"remaining_time":2.512161129},
{"learn":[0.6307053024],"iteration":620,"passed_time":4.105782439,"remaining_time":2.505783485},
{"learn":[0.6300614949],"iteration":621,"passed_time":4.112536746,"remaining_time":2.499258666},
{"learn":[0.6296193147],"iteration":622,"passed_time":4.118990258,"remaining_time":2.492551087},
{"learn":[0.6291164799],"iteration":623,"passed_time":4.125675898,"remaining_time":2.485984195},
{"learn":[0.6285210781],"iteration":624,"passed_time":4.132465123,"remaining_time":2.479479074},
{"learn":[0.6282032593],"iteration":625,"passed_time":4.139194763,"remaining_time":2.472937447},
{"learn":[0.62774803],"iteration":626,"passed_time":4.145893737,"remaining_time":2.466376976},
{"learn":[0.6274248036],"iteration":627,"passed_time":4.152835714,"remaining_time":2.459960009},
{"learn":[0.6269909187],"iteration":628,"passed_time":4.159387019,"remaining_time":2.453310944},
{"learn":[0.6265967972],"iteration":629,"passed_time":4.166165744,"remaining_time":2.446795754},
{"learn":[0.6261750197],"iteration":630,"passed_time":4.172778507,"remaining_time":2.440182677},
{"learn":[0.6257607781],"iteration":631,"passed_time":4.179255561,"remaining_time":2.43349058},
{"learn":[0.6251034858],"iteration":632,"passed_time":4.186198122,"remaining_time":2.427069053},
{"learn":[0.624714458],"iteration":633,"passed_time":4.192850136,"remaining_time":2.420478154},
{"learn":[0.6238665277],"iteration":634,"passed_time":4.199585402,"remaining_time":2.413934916},
{"learn":[0.6237397269],"iteration":635,"passed_time":4.206496795,"remaining_time":2.407491876},
{"learn":[0.6233489034],"iteration":636,"passed_time":4.213518982,"remaining_time":2.401110503},
{"learn":[0.6232353988],"iteration":637,"passed_time":4.220476751,"remaining_time":2.39469057},
{"learn":[0.6224245212],"iteration":638,"passed_time":4.227523313,"remaining_time":2.388319117},
{"learn":[0.6221286974],"iteration":639,"passed_time":4.234335121,"remaining_time":2.381813506},
{"learn":[0.6219360333],"iteration":640,"passed_time":4.241011678,"remaining_time":2.375231189},
{"learn":[0.6216013716],"iteration":641,"passed_time":4.247858737,"remaining_time":2.368743657},
{"learn":[0.621359132],"iteration":642,"passed_time":4.25477263,"remaining_time":2.362292114},
{"learn":[0.620717431],"iteration":643,"passed_time":4.261703816,"remaining_time":2.355848693},
{"learn":[0.6201020141],"iteration":644,"passed_time":4.268213953,"remaining_time":2.349172021},
{"learn":[0.6198394943],"iteration":645,"passed_time":4.274422961,"remaining_time":2.342330849},
{"learn":[0.6191861302],"iteration":646,"passed_time":4.280982557,"remaining_time":2.33568291},
{"learn":[0.618618603],"iteration":647,"passed_time":4.288134621,"remaining_time":2.329357078},
{"learn":[0.6180551999],"iteration":648,"passed_time":4.294992972,"remaining_time":2.322869851},
{"learn":[0.6178755338],"iteration":649,"passed_time":4.301991533,"remaining_time":2.316456979},
{"learn":[0.6173986653],"iteration":650,"passed_time":4.308903135,"remaining_time":2.30999569},
{"learn":[0.61693273],"iteration":651,"passed_time":4.31591378,"remaining_time":2.303585882},
{"learn":[0.6164417717],"iteration":652,"passed_time":4.322972217,"remaining_time":2.297199631},
{"learn":[0.6157178843],"iteration":653,"passed_time":4.330030946,"remaining_time":2.290811479},
{"learn":[0.6152500133],"iteration":654,"passed_time":4.336785878,"remaining_time":2.284261264},
{"learn":[0.614816048],"iteration":655,"passed_time":4.343000845,"remaining_time":2.277427272},
{"learn":[0.6144716147],"iteration":656,"passed_time":4.349662151,"remaining_time":2.270828185},
{"learn":[0.6138404815],"iteration":657,"passed_time":4.355894826,"remaining_time":2.264006125},
{"learn":[0.6134876724],"iteration":658,"passed_time":4.362319754,"remaining_time":2.257285336},
{"learn":[0.6128697182],"iteration":659,"passed_time":4.369209772,"remaining_time":2.250805034},
{"learn":[0.6122473215],"iteration":660,"passed_time":4.376179416,"remaining_time":2.24436433},
{"learn":[0.6121329098],"iteration":661,"passed_time":4.382855056,"remaining_time":2.237771917},
{"learn":[0.6119020142],"iteration":662,"passed_time":4.390169039,"remaining_time":2.231503719},
{"learn":[0.6118353332],"iteration":663,"passed_time":4.396800761,"remaining_time":2.224887132},
{"learn":[0.6116722393],"iteration":664,"passed_time":4.403270273,"remaining_time":2.218188784},
{"learn":[0.611416228],"iteration":665,"passed_time":4.409467823,"remaining_time":2.211354734},
{"learn":[0.6109233665],"iteration":666,"passed_time":4.416294006,"remaining_time":2.204836438},
{"learn":[0.6104533876],"iteration":667,"passed_time":4.422710142,"remaining_time":2.198113424},
{"learn":[0.6097585265],"iteration":668,"passed_time":4.429173237,"remaining_time":2.191414561},
{"learn":[0.6093306496],"iteration":669,"passed_time":4.435784835,"remaining_time":2.184789545},
{"learn":[0.6092184956],"iteration":670,"passed_time":4.442605435,"remaining_time":2.178267046},
{"learn":[0.6088130151],"iteration":671,"passed_time":4.449385035,"remaining_time":2.171723648},
{"learn":[0.6083852458],"iteration":672,"passed_time":4.455447332,"remaining_time":2.164831022},
{"learn":[0.6077073361],"iteration":673,"passed_time":4.462122847,"remaining_time":2.15823746},
{"learn":[0.6071983994],"iteration":674,"passed_time":4.4685219,"remaining_time":2.151510544},
{"learn":[0.6067703932],"iteration":675,"passed_time":4.475406668,"remaining_time":2.145017397},
{"learn":[0.6064037708],"iteration":676,"passed_time":4.481909138,"remaining_time":2.138340697},
{"learn":[0.606082637],"iteration":677,"passed_time":4.488370858,"remaining_time":2.131645157},
{"learn":[0.6055434072],"iteration":678,"passed_time":4.494906829,"remaining_time":2.124985408},
{"learn":[0.605223332],"iteration":679,"passed_time":4.501382133,"remaining_time":2.118297474},
{"learn":[0.6047994699],"iteration":680,"passed_time":4.508303485,"remaining_time":2.111819107},
{"learn":[0.6046281715],"iteration":681,"passed_time":4.514852748,"remaining_time":2.105165944},
{"learn":[0.604003004],"iteration":682,"passed_time":4.521358802,"remaining_time":2.098493031},
{"learn":[0.6038361039],"iteration":683,"passed_time":4.527846606,"remaining_time":2.091812175},
{"learn":[0.6031192282],"iteration":684,"passed_time":4.534814208,"remaining_time":2.085352519},
{"learn":[0.6025516157],"iteration":685,"passed_time":4.54153164,"remaining_time":2.078776873},
{"learn":[0.6020541686],"iteration":686,"passed_time":4.548358324,"remaining_time":2.07225059},
{"learn":[0.6017934864],"iteration":687,"passed_time":4.554593582,"remaining_time":2.065455229},
{"learn":[0.6011600493],"iteration":688,"passed_time":4.561207805,"remaining_time":2.05883255},
{"learn":[0.6007003428],"iteration":689,"passed_time":4.567957071,"remaining_time":2.052270568},
{"learn":[0.6003283372],"iteration":690,"passed_time":4.57484263,"remaining_time":2.045768991},
{"learn":[0.5998892249],"iteration":691,"passed_time":4.582159488,"remaining_time":2.039458269},
{"learn":[0.5997971672],"iteration":692,"passed_time":4.589054423,"remaining_time":2.032957731},
{"learn":[0.5993168805],"iteration":693,"passed_time":4.595744438,"remaining_time":2.026365703},
{"learn":[0.5989966872],"iteration":694,"passed_time":4.602340785,"remaining_time":2.019732287},
{"learn":[0.5986407617],"iteration":695,"passed_time":4.609529515,"remaining_time":2.013357719},
{"learn":[0.598166411],"iteration":696,"passed_time":4.616133946,"remaining_time":2.006726809},
{"learn":[0.5976219121],"iteration":697,"passed_time":4.622831211,"remaining_time":2.00013614},
{"learn":[0.5968297527],"iteration":698,"passed_time":4.629460684,"remaining_time":1.993515974},
{"learn":[0.5961954208],"iteration":699,"passed_time":4.635572357,"remaining_time":1.986673867},
{"learn":[0.595969126],"iteration":700,"passed_time":4.641881408,"remaining_time":1.979918033},
{"learn":[0.5958513923],"iteration":701,"passed_time":4.648288711,"remaining_time":1.973205179},
{"learn":[0.5956473397],"iteration":702,"passed_time":4.655450108,"remaining_time":1.966811781},
{"learn":[0.5951596675],"iteration":703,"passed_time":4.661926536,"remaining_time":1.960128203},
{"learn":[0.5948130817],"iteration":704,"passed_time":4.66828963,"remaining_time":1.953397788},
{"learn":[0.5943242059],"iteration":705,"passed_time":4.675178273,"remaining_time":1.946887269},
{"learn":[0.5941074001],"iteration":706,"passed_time":4.681681952,"remaining_time":1.940216141},
{"learn":[0.5938748914],"iteration":707,"passed_time":4.688126547,"remaining_time":1.933521118},
{"learn":[0.5936699192],"iteration":708,"passed_time":4.694586433,"remaining_time":1.926833078},
{"learn":[0.5935107588],"iteration":709,"passed_time":4.701054362,"remaining_time":1.920148965},
{"learn":[0.5933070708],"iteration":710,"passed_time":4.70752979,"remaining_time":1.913468508},
{"learn":[0.5930495234],"iteration":711,"passed_time":4.713827675,"remaining_time":1.906716812},
{"learn":[0.5923439025],"iteration":712,"passed_time":4.720316395,"remaining_time":1.900043205},
{"learn":[0.5917463234],"iteration":713,"passed_time":4.726511778,"remaining_time":1.893252617},
{"learn":[0.5912559528],"iteration":714,"passed_time":4.732642743,"remaining_time":1.886438017},
{"learn":[0.5910276273],"iteration":715,"passed_time":4.739433926,"remaining_time":1.8798872},
{"learn":[0.5900714612],"iteration":716,"passed_time":4.746130192,"remaining_time":1.873298249},
{"learn":[0.5897528022],"iteration":717,"passed_time":4.753090127,"remaining_time":1.866812557},
{"learn":[0.5894596602],"iteration":718,"passed_time":4.759436096,"remaining_time":1.860085595},
{"learn":[0.5888267459],"iteration":719,"passed_time":4.76560627,"remaining_time":1.853291327},
{"learn":[0.5884644385],"iteration":720,"passed_time":4.772483204,"remaining_time":1.84677228},
{"learn":[0.588190525],"iteration":721,"passed_time":4.77911651,"remaining_time":1.840158435},
{"learn":[0.5876502408],"iteration":722,"passed_time":4.785797733,"remaining_time":1.833562894},
{"learn":[0.5873481612],"iteration":723,"passed_time":4.79223462,"remaining_time":1.826873971},
{"learn":[0.586531303],"iteration":724,"passed_time":4.799542227,"remaining_time":1.820516017},
{"learn":[0.5864203878],"iteration":725,"passed_time":4.806130199,"remaining_time":1.813883849},
{"learn":[0.586085681],"iteration":726,"passed_time":4.81289259,"remaining_time":1.8073173},
{"learn":[0.5858599417],"iteration":727,"passed_time":4.819187183,"remaining_time":1.800575431},
{"learn":[0.5853942874],"iteration":728,"passed_time":4.825370316,"remaining_time":1.793793355},
{"learn":[0.5848449129],"iteration":729,"passed_time":4.832271959,"remaining_time":1.78727867},
{"learn":[0.5845949508],"iteration":730,"passed_time":4.838748304,"remaining_time":1.780606421},
{"learn":[0.5842676879],"iteration":731,"passed_time":4.845253275,"remaining_time":1.773945188},
{"learn":[0.5835631436],"iteration":732,"passed_time":4.851489075,"remaining_time":1.767186334},
{"learn":[0.5831585081],"iteration":733,"passed_time":4.85806238,"remaining_time":1.760551217},
{"learn":[0.5828701003],"iteration":734,"passed_time":4.864570851,"remaining_time":1.753892892},
{"learn":[0.5823718499],"iteration":735,"passed_time":4.87143441,"remaining_time":1.747362343},
{"learn":[0.5821332905],"iteration":736,"passed_time":4.877813379,"remaining_time":1.740657963},
{"learn":[0.5818821019],"iteration":737,"passed_time":4.884127722,"remaining_time":1.733931522},
{"learn":[0.5816381949],"iteration":738,"passed_time":4.890798945,"remaining_time":1.727332239},
{"learn":[0.581153819],"iteration":739,"passed_time":4.897746839,"remaining_time":1.72082997},
{"learn":[0.5805003752],"iteration":740,"passed_time":4.904489271,"remaining_time":1.714254684},
{"learn":[0.5801001007],"iteration":741,"passed_time":4.911108285,"remaining_time":1.707636034},
{"learn":[0.5796876943],"iteration":742,"passed_time":4.9178063,"remaining_time":1.70104471},
{"learn":[0.5793633302],"iteration":743,"passed_time":4.923996016,"remaining_time":1.694278199},
{"learn":[0.5789320561],"iteration":744,"passed_time":4.930042522,"remaining_time":1.687464219},
{"learn":[0.5786512104],"iteration":745,"passed_time":4.937170043,"remaining_time":1.681020363},
{"learn":[0.5785511335],"iteration":746,"passed_time":4.943663764,"remaining_time":1.674360016},
{"learn":[0.578444269],"iteration":747,"passed_time":4.950323279,"remaining_time":1.667755971},
{"learn":[0.5782528758],"iteration":748,"passed_time":4.956762332,"remaining_time":1.661077898},
{"learn":[0.5772978514],"iteration":749,"passed_time":4.963019299,"remaining_time":1.654339766},
{"learn":[0.5770181413],"iteration":750,"passed_time":4.969456477,"remaining_time":1.647662667},
{"learn":[0.5768157113],"iteration":751,"passed_time":4.975929989,"remaining_time":1.640998188},
{"learn":[0.5761895681],"iteration":752,"passed_time":4.982794215,"remaining_time":1.634462378},
{"learn":[0.5758456665],"iteration":753,"passed_time":4.989088391,"remaining_time":1.627739714},
{"learn":[0.5751070733],"iteration":754,"passed_time":4.996256038,"remaining_time":1.621301628},
{"learn":[0.5748081809],"iteration":755,"passed_time":5.002865968,"remaining_time":1.614681609},
{"learn":[0.5746124189],"iteration":756,"passed_time":5.009619984,"remaining_time":1.608107868},
{"learn":[0.574017133],"iteration":757,"passed_time":5.016594587,"remaining_time":1.601604077},
{"learn":[0.5734941044],"iteration":758,"passed_time":5.023270393,"remaining_time":1.59500417},
{"learn":[0.5733045873],"iteration":759,"passed_time":5.029644862,"remaining_time":1.588308904},
{"learn":[0.5727872671],"iteration":760,"passed_time":5.036195667,"remaining_time":1.581669861},
{"learn":[0.572439273],"iteration":761,"passed_time":5.04277068,"remaining_time":1.575038611},
{"learn":[0.5722409467],"iteration":762,"passed_time":5.049046606,"remaining_time":1.568314608},
{"learn":[0.5719177614],"iteration":763,"passed_time":5.055195821,"remaining_time":1.561552636},
{"learn":[0.571416476],"iteration":764,"passed_time":5.062021255,"remaining_time":1.554999993},
{"learn":[0.5709970298],"iteration":765,"passed_time":5.068806605,"remaining_time":1.548434394},
{"learn":[0.5707965891],"iteration":766,"passed_time":5.075063864,"remaining_time":1.541707797},
{"learn":[0.5703455142],"iteration":767,"passed_time":5.081407415,"remaining_time":1.53500849},
{"learn":[0.569804353],"iteration":768,"passed_time":5.087851302,"remaining_time":1.528340248},
{"learn":[0.569269237],"iteration":769,"passed_time":5.095478664,"remaining_time":1.522026094},
{"learn":[0.5690353566],"iteration":770,"passed_time":5.103237111,"remaining_time":1.515747469},
{"learn":[0.5687615419],"iteration":771,"passed_time":5.109669456,"remaining_time":1.509073363},
{"learn":[0.56823059],"iteration":772,"passed_time":5.116201344,"remaining_time":1.502429114},
{"learn":[0.5673781994],"iteration":773,"passed_time":5.122749357,"remaining_time":1.495789864},
{"learn":[0.5671040477],"iteration":774,"passed_time":5.129370537,"remaining_time":1.489172092},
{"learn":[0.5667423283],"iteration":775,"passed_time":5.135822716,"remaining_time":1.482505526},
{"learn":[0.5665191004],"iteration":776,"passed_time":5.142739442,"remaining_time":1.475972839},
{"learn":[0.5660668112],"iteration":777,"passed_time":5.149783296,"remaining_time":1.469475439},
{"learn":[0.5656657299],"iteration":778,"passed_time":5.156450144,"remaining_time":1.462869681},
{"learn":[0.5655057079],"iteration":779,"passed_time":5.163160034,"remaining_time":1.456275907},
{"learn":[0.5652302802],"iteration":780,"passed_time":5.170431516,"remaining_time":1.449839311},
{"learn":[0.5648095935],"iteration":781,"passed_time":5.176731192,"remaining_time":1.443129667},
{"learn":[0.5641727528],"iteration":782,"passed_time":5.183561293,"remaining_time":1.436568072},
{"learn":[0.563846292],"iteration":783,"passed_time":5.190785441,"remaining_time":1.430114356},
{"learn":[0.5636048628],"iteration":784,"passed_time":5.197463956,"remaining_time":1.423509236},
{"learn":[0.5633641286],"iteration":785,"passed_time":5.203832674,"remaining_time":1.416819583},
{"learn":[0.5627632761],"iteration":786,"passed_time":5.210208852,"remaining_time":1.410132764},
{"learn":[0.5620227244],"iteration":787,"passed_time":5.21700841,"remaining_time":1.403560638},
{"learn":[0.5615332077],"iteration":788,"passed_time":5.223610465,"remaining_time":1.396935118},
{"learn":[0.5613453127],"iteration":789,"passed_time":5.230212188,"remaining_time":1.390309569},
{"learn":[0.5612711651],"iteration":790,"passed_time":5.236696533,"remaining_time":1.383653066},
{"learn":[0.5609695586],"iteration":791,"passed_time":5.243371381,"remaining_time":1.377047029},
{"learn":[0.5606284997],"iteration":792,"passed_time":5.250264191,"remaining_time":1.370497714},
{"learn":[0.5603320154],"iteration":793,"passed_time":5.256669868,"remaining_time":1.36382115},
{"learn":[0.5598959748],"iteration":794,"passed_time":5.263247673,"remaining_time":1.357189652},
{"learn":[0.5595084987],"iteration":795,"passed_time":5.269683518,"remaining_time":1.350521907},
{"learn":[0.5590510948],"iteration":796,"passed_time":5.27626524,"remaining_time":1.343891899},
{"learn":[0.5587261625],"iteration":797,"passed_time":5.282816336,"remaining_time":1.337254261},
{"learn":[0.5579619661],"iteration":798,"passed_time":5.289874107,"remaining_time":1.3307443},
{"learn":[0.5575767645],"iteration":799,"passed_time":5.296377661,"remaining_time":1.324094415},
{"learn":[0.5572061573],"iteration":800,"passed_time":5.303157927,"remaining_time":1.317513642},
{"learn":[0.5568206132],"iteration":801,"passed_time":5.309564563,"remaining_time":1.310840129},
{"learn":[0.5563263612],"iteration":802,"passed_time":5.316740919,"remaining_time":1.304356116},
{"learn":[0.5557172456],"iteration":803,"passed_time":5.323509935,"remaining_time":1.297771079},
{"learn":[0.5555011414],"iteration":804,"passed_time":5.330022364,"remaining_time":1.29112343},
{"learn":[0.5549128475],"iteration":805,"passed_time":5.336575502,"remaining_time":1.284485915},
{"learn":[0.5548004785],"iteration":806,"passed_time":5.342966638,"remaining_time":1.277809865},
{"learn":[0.5543904094],"iteration":807,"passed_time":5.349335732,"remaining_time":1.271129283},
{"learn":[0.55386764],"iteration":808,"passed_time":5.355723242,"remaining_time":1.264453819},
{"learn":[0.5534713178],"iteration":809,"passed_time":5.362487842,"remaining_time":1.257867518},
{"learn":[0.552892391],"iteration":810,"passed_time":5.368772226,"remaining_time":1.251168866},
{"learn":[0.5522839586],"iteration":811,"passed_time":5.375112819,"remaining_time":1.244484249},
{"learn":[0.5519572408],"iteration":812,"passed_time":5.381594331,"remaining_time":1.23783289},
{"learn":[0.5516547608],"iteration":813,"passed_time":5.388591351,"remaining_time":1.231299744},
{"learn":[0.5508676875],"iteration":814,"passed_time":5.395216656,"remaining_time":1.224681082},
{"learn":[0.5506661656],"iteration":815,"passed_time":5.401593375,"remaining_time":1.218006349},
{"learn":[0.5503673513],"iteration":816,"passed_time":5.408310266,"remaining_time":1.211408542},
{"learn":[0.5498911962],"iteration":817,"passed_time":5.414914196,"remaining_time":1.20478531},
{"learn":[0.5495094227],"iteration":818,"passed_time":5.421819714,"remaining_time":1.198228777},
{"learn":[0.549127497],"iteration":819,"passed_time":5.428485062,"remaining_time":1.191618672},
{"learn":[0.5488859632],"iteration":820,"passed_time":5.435065743,"remaining_time":1.184989973},
{"learn":[0.5486050502],"iteration":821,"passed_time":5.441374169,"remaining_time":1.178302436},
{"learn":[0.5484393289],"iteration":822,"passed_time":5.447889306,"remaining_time":1.171660276},
{"learn":[0.5478295583],"iteration":823,"passed_time":5.45604651,"remaining_time":1.165369157},
{"learn":[0.5474908558],"iteration":824,"passed_time":5.462527147,"remaining_time":1.15871788},
{"learn":[0.547259867],"iteration":825,"passed_time":5.468859531,"remaining_time":1.152035785},
{"learn":[0.5468073398],"iteration":826,"passed_time":5.47513904,"remaining_time":1.145343475},
{"learn":[0.5465467231],"iteration":827,"passed_time":5.481389132,"remaining_time":1.138646052},
{"learn":[0.545874398],"iteration":828,"passed_time":5.489544627,"remaining_time":1.13234274},
{"learn":[0.54534885],"iteration":829,"passed_time":5.495734385,"remaining_time":1.125632344},
{"learn":[0.5451306255],"iteration":830,"passed_time":5.502085478,"remaining_time":1.118956012},
{"learn":[0.5448699136],"iteration":831,"passed_time":5.508427905,"remaining_time":1.112278712},
{"learn":[0.5445929505],"iteration":832,"passed_time":5.51489575,"remaining_time":1.105627359},
{"learn":[0.5442629057],"iteration":833,"passed_time":5.520876755,"remaining_time":1.098879546},
{"learn":[0.5437032827],"iteration":834,"passed_time":5.527177764,"remaining_time":1.092196804},
{"learn":[0.5432043717],"iteration":835,"passed_time":5.533627109,"remaining_time":1.085544074},
{"learn":[0.5426402399],"iteration":836,"passed_time":5.540018536,"remaining_time":1.078880551},
{"learn":[0.5420679051],"iteration":837,"passed_time":5.546119376,"remaining_time":1.072161502},
{"learn":[0.5416239288],"iteration":838,"passed_time":5.552308259,"remaining_time":1.065460822},
{"learn":[0.5415352151],"iteration":839,"passed_time":5.558826313,"remaining_time":1.05882406},
{"learn":[0.541162676],"iteration":840,"passed_time":5.565006154,"remaining_time":1.052123637},
{"learn":[0.5407941827],"iteration":841,"passed_time":5.571131119,"remaining_time":1.045414153},
{"learn":[0.5407133972],"iteration":842,"passed_time":5.577302752,"remaining_time":1.038714747},
{"learn":[0.5403819351],"iteration":843,"passed_time":5.584117894,"remaining_time":1.032135535},
{"learn":[0.5398604544],"iteration":844,"passed_time":5.591085663,"remaining_time":1.025583761},
{"learn":[0.5394955512],"iteration":845,"passed_time":5.597544424,"remaining_time":1.018938347},
{"learn":[0.5389603372],"iteration":846,"passed_time":5.604051937,"remaining_time":1.01230218},
{"learn":[0.538785305],"iteration":847,"passed_time":5.610296695,"remaining_time":1.005619219},
{"learn":[0.5385152333],"iteration":848,"passed_time":5.616600455,"remaining_time":0.9989477841},
{"learn":[0.5380882757],"iteration":849,"passed_time":5.623208552,"remaining_time":0.9923309209},
{"learn":[0.5376889889],"iteration":850,"passed_time":5.629581771,"remaining_time":0.985672954},
{"learn":[0.5373527144],"iteration":851,"passed_time":5.635780737,"remaining_time":0.9789853862},
{"learn":[0.5366860355],"iteration":852,"passed_time":5.64220604,"remaining_time":0.9723379693},
{"learn":[0.5362030494],"iteration":853,"passed_time":5.648831262,"remaining_time":0.9657252509},
{"learn":[0.5358628362],"iteration":854,"passed_time":5.655472193,"remaining_time":0.9591151673},
{"learn":[0.5355411514],"iteration":855,"passed_time":5.662875135,"remaining_time":0.9526332003},
{"learn":[0.5352081394],"iteration":856,"passed_time":5.669113311,"remaining_time":0.9459547298},
{"learn":[0.5347005736],"iteration":857,"passed_time":5.675736366,"remaining_time":0.9393409837},
{"learn":[0.5344094907],"iteration":858,"passed_time":5.682397173,"remaining_time":0.9327334125},
{"learn":[0.5339344333],"iteration":859,"passed_time":5.688661015,"remaining_time":0.9260610954},
{"learn":[0.5334678407],"iteration":860,"passed_time":5.694901607,"remaining_time":0.9193859736},
{"learn":[0.5333820297],"iteration":861,"passed_time":5.701114531,"remaining_time":0.9127074308},
{"learn":[0.5332529914],"iteration":862,"passed_time":5.707131328,"remaining_time":0.9059988319},
{"learn":[0.5330400361],"iteration":863,"passed_time":5.713571464,"remaining_time":0.8993584713},
{"learn":[0.5328227622],"iteration":864,"passed_time":5.720134103,"remaining_time":0.8927376923},
{"learn":[0.5324001434],"iteration":865,"passed_time":5.726662365,"remaining_time":0.8861117286},
{"learn":[0.5317956478],"iteration":866,"passed_time":5.732926291,"remaining_time":0.8794454402},
{"learn":[0.5313510179],"iteration":867,"passed_time":5.739580639,"remaining_time":0.872839452},
{"learn":[0.5306868449],"iteration":868,"passed_time":5.7466052,"remaining_time":0.8662891614},
{"learn":[0.5304821147],"iteration":869,"passed_time":5.753210048,"remaining_time":0.8596750646},
{"learn":[0.5301696268],"iteration":870,"passed_time":5.75946764,"remaining_time":0.8530095586},
{"learn":[0.5295646138],"iteration":871,"passed_time":5.765916818,"remaining_time":0.8463731109},
{"learn":[0.5292368014],"iteration":872,"passed_time":5.77286817,"remaining_time":0.8398101462},
{"learn":[0.5288874993],"iteration":873,"passed_time":5.780005983,"remaining_time":0.8332731738},
{"learn":[0.5286036113],"iteration":874,"passed_time":5.786703249,"remaining_time":0.8266718927},
{"learn":[0.5283330617],"iteration":875,"passed_time":5.792875131,"remaining_time":0.8199960231},
{"learn":[0.5277721227],"iteration":876,"passed_time":5.799339601,"remaining_time":0.8133623386},
{"learn":[0.5272648705],"iteration":877,"passed_time":5.806106534,"remaining_time":0.8067710674},
{"learn":[0.5271651393],"iteration":878,"passed_time":5.812680006,"remaining_time":0.8001527653},
{"learn":[0.527010305],"iteration":879,"passed_time":5.819077017,"remaining_time":0.7935105023},
{"learn":[0.5266293075],"iteration":880,"passed_time":5.825572695,"remaining_time":0.7868821234},
{"learn":[0.5260399776],"iteration":881,"passed_time":5.831891538,"remaining_time":0.7802303872},
{"learn":[0.5258269396],"iteration":882,"passed_time":5.838476344,"remaining_time":0.7736146457},
{"learn":[0.5254034226],"iteration":883,"passed_time":5.845089107,"remaining_time":0.7670026431},
{"learn":[0.5249480154],"iteration":884,"passed_time":5.851373575,"remaining_time":0.7603479787},
{"learn":[0.52440854],"iteration":885,"passed_time":5.857662417,"remaining_time":0.7536947129},
{"learn":[0.5239573027],"iteration":886,"passed_time":5.864112221,"remaining_time":0.7470627744},
{"learn":[0.5234653343],"iteration":887,"passed_time":5.870902362,"remaining_time":0.7404741718},
{"learn":[0.5229278122],"iteration":888,"passed_time":5.8774525,"remaining_time":0.7338551491},
{"learn":[0.5227160679],"iteration":889,"passed_time":5.883922929,"remaining_time":0.7272264294},
{"learn":[0.5222872174],"iteration":890,"passed_time":5.890639403,"remaining_time":0.7206281648},
{"learn":[0.5220203422],"iteration":891,"passed_time":5.896988579,"remaining_time":0.7139851643},
{"learn":[0.5217222757],"iteration":892,"passed_time":5.903411757,"remaining_time":0.7073516887},
{"learn":[0.5214953779],"iteration":893,"passed_time":5.910556821,"remaining_time":0.7008042763},
{"learn":[0.5211319056],"iteration":894,"passed_time":5.917247461,"remaining_time":0.694202216},
{"learn":[0.5206261759],"iteration":895,"passed_time":5.923460052,"remaining_time":0.6875444703},
{"learn":[0.520204146],"iteration":896,"passed_time":5.929725561,"remaining_time":0.6808937935},
{"learn":[0.5197904552],"iteration":897,"passed_time":5.936510744,"remaining_time":0.6743030021},
{"learn":[0.5197269363],"iteration":898,"passed_time":5.942980547,"remaining_time":0.6676763463},
{"learn":[0.5191162496],"iteration":899,"passed_time":5.949487477,"remaining_time":0.6610541641},
{"learn":[0.5187515308],"iteration":900,"passed_time":5.95628841,"remaining_time":0.6544645423},
{"learn":[0.5185684785],"iteration":901,"passed_time":5.963154094,"remaining_time":0.647881487},
{"learn":[0.5181576456],"iteration":902,"passed_time":5.970412784,"remaining_time":0.6413400222},
{"learn":[0.5175549351],"iteration":903,"passed_time":5.977447263,"remaining_time":0.6347731607},
{"learn":[0.5168508562],"iteration":904,"passed_time":5.984439741,"remaining_time":0.6282008568},
{"learn":[0.5164858179],"iteration":905,"passed_time":5.991579762,"remaining_time":0.6216429334},
{"learn":[0.5160974715],"iteration":906,"passed_time":5.998151526,"remaining_time":0.6150254596},
{"learn":[0.5156307862],"iteration":907,"passed_time":6.005254214,"remaining_time":0.6084618807},
{"learn":[0.5154463884],"iteration":908,"passed_time":6.01161189,"remaining_time":0.6018225325},
{"learn":[0.5150218028],"iteration":909,"passed_time":6.018631535,"remaining_time":0.5952492727},
{"learn":[0.5145370417],"iteration":910,"passed_time":6.025038505,"remaining_time":0.5886151777},
{"learn":[0.5142548822],"iteration":911,"passed_time":6.031238262,"remaining_time":0.5819615867},
{"learn":[0.5139312156],"iteration":912,"passed_time":6.037459687,"remaining_time":0.5753110545},
{"learn":[0.51372055],"iteration":913,"passed_time":6.043848531,"remaining_time":0.5686772141},
{"learn":[0.5133491425],"iteration":914,"passed_time":6.050310501,"remaining_time":0.5620507023},
{"learn":[0.5131263186],"iteration":915,"passed_time":6.056630386,"remaining_time":0.5554115201},
{"learn":[0.5126500878],"iteration":916,"passed_time":6.06303323,"remaining_time":0.5487805432},
{"learn":[0.5122269436],"iteration":917,"passed_time":6.069445616,"remaining_time":0.5421509156},
{"learn":[0.511935241],"iteration":918,"passed_time":6.076068089,"remaining_time":0.5355402777},
{"learn":[0.5115898892],"iteration":919,"passed_time":6.082662352,"remaining_time":0.5289271611},
{"learn":[0.5113026749],"iteration":920,"passed_time":6.089043321,"remaining_time":0.5222957898},
{"learn":[0.5111368619],"iteration":921,"passed_time":6.095492833,"remaining_time":0.5156707602},
{"learn":[0.5107625206],"iteration":922,"passed_time":6.102300849,"remaining_time":0.5090760189},
{"learn":[0.5106253535],"iteration":923,"passed_time":6.108728111,"remaining_time":0.5024494983},
{"learn":[0.5102769215],"iteration":924,"passed_time":6.115146747,"remaining_time":0.4958227092},
{"learn":[0.5097776996],"iteration":925,"passed_time":6.121470423,"remaining_time":0.4891887811},
{"learn":[0.5091229114],"iteration":926,"passed_time":6.127761557,"remaining_time":0.4825529597},
{"learn":[0.5090385005],"iteration":927,"passed_time":6.134240653,"remaining_time":0.4759324644},
{"learn":[0.5086792782],"iteration":928,"passed_time":6.140748207,"remaining_time":0.4693144485},
{"learn":[0.5083060205],"iteration":929,"passed_time":6.147613099,"remaining_time":0.4627235666},
{"learn":[0.5079961668],"iteration":930,"passed_time":6.154312031,"remaining_time":0.4561197961},
{"learn":[0.5077852124],"iteration":931,"passed_time":6.160958462,"remaining_time":0.4495119908},
{"learn":[0.5073224228],"iteration":932,"passed_time":6.168124193,"remaining_time":0.4429413943},
{"learn":[0.5067957144],"iteration":933,"passed_time":6.175160921,"remaining_time":0.4363604077},
{"learn":[0.5065253808],"iteration":934,"passed_time":6.182193316,"remaining_time":0.429778145},
{"learn":[0.5062360303],"iteration":935,"passed_time":6.188526743,"remaining_time":0.4231471277},
{"learn":[0.5058816421],"iteration":936,"passed_time":6.194927462,"remaining_time":0.4165212701},
{"learn":[0.5056110521],"iteration":937,"passed_time":6.201423641,"remaining_time":0.4099022023},
{"learn":[0.5052835618],"iteration":938,"passed_time":6.207696442,"remaining_time":0.4032688849},
{"learn":[0.5050458246],"iteration":939,"passed_time":6.214412707,"remaining_time":0.3966646409},
{"learn":[0.5048537774],"iteration":940,"passed_time":6.221045805,"remaining_time":0.3900549442},
{"learn":[0.5040653859],"iteration":941,"passed_time":6.227248062,"remaining_time":0.3834186705},
{"learn":[0.5036176829],"iteration":942,"passed_time":6.23411583,"remaining_time":0.3768235443},
{"learn":[0.5033540149],"iteration":943,"passed_time":6.240850888,"remaining_time":0.3702199679},
{"learn":[0.5032522163],"iteration":944,"passed_time":6.247326441,"remaining_time":0.3636010098},
{"learn":[0.5031396878],"iteration":945,"passed_time":6.253905413,"remaining_time":0.3569882582},
{"learn":[0.5028747167],"iteration":946,"passed_time":6.260585511,"remaining_time":0.3503812377},
{"learn":[0.5023602351],"iteration":947,"passed_time":6.267463154,"remaining_time":0.3437848987},
{"learn":[0.5020193422],"iteration":948,"passed_time":6.274557133,"remaining_time":0.337199593},
{"learn":[0.5016937458],"iteration":949,"passed_time":6.281274316,"remaining_time":0.330593385},
{"learn":[0.5014127369],"iteration":950,"passed_time":6.287878121,"remaining_time":0.3239811019},
{"learn":[0.5013432171],"iteration":951,"passed_time":6.295275688,"remaining_time":0.3174088582},
{"learn":[0.5007370591],"iteration":952,"passed_time":6.302002287,"remaining_time":0.3108017917},
{"learn":[0.5002252654],"iteration":953,"passed_time":6.308239337,"remaining_time":0.3041708695},
{"learn":[0.499739232],"iteration":954,"passed_time":6.315052562,"remaining_time":0.2975679218},
{"learn":[0.4994117405],"iteration":955,"passed_time":6.322019248,"remaining_time":0.2909715972},
{"learn":[0.4989725751],"iteration":956,"passed_time":6.328765806,"remaining_time":0.2843646078},
{"learn":[0.4984794627],"iteration":957,"passed_time":6.335466654,"remaining_time":0.2777553231},
{"learn":[0.4981231559],"iteration":958,"passed_time":6.34216767,"remaining_time":0.2711458545},
{"learn":[0.4973803086],"iteration":959,"passed_time":6.349229982,"remaining_time":0.2645512492},
{"learn":[0.4968106177],"iteration":960,"passed_time":6.356200876,"remaining_time":0.2579519606},
{"learn":[0.4964116747],"iteration":961,"passed_time":6.363097144,"remaining_time":0.2513489516},
{"learn":[0.4962539235],"iteration":962,"passed_time":6.36982816,"remaining_time":0.2447389843},
{"learn":[0.4958321902],"iteration":963,"passed_time":6.375974125,"remaining_time":0.2381069175},
{"learn":[0.4956168645],"iteration":964,"passed_time":6.382738475,"remaining_time":0.2314982866},
{"learn":[0.4951991437],"iteration":965,"passed_time":6.389878705,"remaining_time":0.2249025631},
{"learn":[0.4948084194],"iteration":966,"passed_time":6.397193021,"remaining_time":0.2183116543},
{"learn":[0.4947433773],"iteration":967,"passed_time":6.404232791,"remaining_time":0.2117101749},
{"learn":[0.4945809388],"iteration":968,"passed_time":6.410858347,"remaining_time":0.2050945395},
{"learn":[0.4943634359],"iteration":969,"passed_time":6.417545237,"remaining_time":0.1984807805},
{"learn":[0.4940203034],"iteration":970,"passed_time":6.424084416,"remaining_time":0.1918624594},
{"learn":[0.49356769],"iteration":971,"passed_time":6.430872641,"remaining_time":0.1852514753},
{"learn":[0.4932585895],"iteration":972,"passed_time":6.437618282,"remaining_time":0.1786389451},
{"learn":[0.4926697353],"iteration":973,"passed_time":6.444409424,"remaining_time":0.1720273563},
{"learn":[0.4924353],"iteration":974,"passed_time":6.450878769,"remaining_time":0.1654071479},
{"learn":[0.492113519],"iteration":975,"passed_time":6.457033234,"remaining_time":0.1587795058},
{"learn":[0.4918154873],"iteration":976,"passed_time":6.463673124,"remaining_time":0.1521642598},
{"learn":[0.4912970563],"iteration":977,"passed_time":6.470435723,"remaining_time":0.1455517238},
{"learn":[0.4907705273],"iteration":978,"passed_time":6.477530911,"remaining_time":0.1389460155},
{"learn":[0.4904941461],"iteration":979,"passed_time":6.484067632,"remaining_time":0.1323279109},
{"learn":[0.4900057303],"iteration":980,"passed_time":6.490843482,"remaining_time":0.1257146036},
{"learn":[0.4896826328],"iteration":981,"passed_time":6.497722875,"remaining_time":0.1191028633},
{"learn":[0.4894782002],"iteration":982,"passed_time":6.504242512,"remaining_time":0.1124843568},
{"learn":[0.4892306737],"iteration":983,"passed_time":6.510618523,"remaining_time":0.1058637158},
{"learn":[0.4889793725],"iteration":984,"passed_time":6.517647876,"remaining_time":0.09925352095},
{"learn":[0.4885896966],"iteration":985,"passed_time":6.523988636,"remaining_time":0.09263269868},
{"learn":[0.4880145117],"iteration":986,"passed_time":6.530039725,"remaining_time":0.0860086286},
{"learn":[0.4877558827],"iteration":987,"passed_time":6.53661503,"remaining_time":0.07939208538},
{"learn":[0.4875914982],"iteration":988,"passed_time":6.542865372,"remaining_time":0.07277201121},
{"learn":[0.4873978856],"iteration":989,"passed_time":6.549349592,"remaining_time":0.06615504639},
{"learn":[0.4870150364],"iteration":990,"passed_time":6.555842021,"remaining_time":0.05953842401},
{"learn":[0.4865478395],"iteration":991,"passed_time":6.562403368,"remaining_time":0.0529226078},
{"learn":[0.4864119959],"iteration":992,"passed_time":6.568916672,"remaining_time":0.04630656264},
{"learn":[0.4860547218],"iteration":993,"passed_time":6.575976109,"remaining_time":0.03969402078},
{"learn":[0.4858159289],"iteration":994,"passed_time":6.582338286,"remaining_time":0.03307707681},
{"learn":[0.485309367],"iteration":995,"passed_time":6.589046385,"remaining_time":0.02646203367},
{"learn":[0.4850553851],"iteration":996,"passed_time":6.595703608,"remaining_time":0.01984665077},
{"learn":[0.4847455675],"iteration":997,"passed_time":6.60235108,"remaining_time":0.01323116449},
{"learn":[0.4843567086],"iteration":998,"passed_time":6.609560936,"remaining_time":0.006616177113},
{"learn":[0.4840034725],"iteration":999,"passed_time":6.616349786,"remaining_time":0}
]}